iteration_number,acc_x_vals,acc_y_vals,acc_z_vals,gyro_x_vals,gyro_y_vals,gyro_z_vals,activity_name,timestamp
1,-0.645,4.858,8.246,0.029,-0.071,0.100,Sitting,1665775667644
1,-0.229,4.796,8.703,0.084,-0.006,0.004,Sitting,1665775667883
1,-0.243,4.872,8.751,0.027,0.013,0.047,Sitting,1665775668122
1,-0.200,4.762,8.787,-0.017,0.015,0.028,Sitting,1665775668359
1,-0.241,4.870,8.734,0.010,0.053,-0.014,Sitting,1665775668597
1,-0.365,4.769,8.720,-0.014,0.056,-0.050,Sitting,1665775668838
1,-0.519,4.630,8.562,-0.042,-0.011,-0.027,Sitting,1665775669075
1,0.154,4.877,9.190,0.006,-0.098,-0.332,Sitting,1665775669314
1,-0.473,4.872,8.648,0.334,-0.101,-0.220,Sitting,1665775669551
1,-0.722,5.093,7.482,0.162,-0.366,-0.482,Sitting,1665775669789
1,-1.067,5.083,8.418,0.024,-0.079,-0.378,Sitting,1665775670028
1,-1.472,5.457,7.434,-0.107,0.034,-0.086,Sitting,1665775670269
1,-2.413,4.851,9.134,0.140,0.055,0.032,Sitting,1665775670505
1,-1.951,4.563,8.255,0.201,0.016,-0.328,Sitting,1665775670745
1,-2.799,4.592,8.363,-0.076,-0.152,-0.253,Sitting,1665775670981
1,-2.815,4.503,8.469,-0.099,-0.288,-0.118,Sitting,1665775671222
1,-2.109,4.295,8.667,-0.041,-0.147,0.008,Sitting,1665775671457
1,-1.742,4.563,8.864,0.025,0.016,0.043,Sitting,1665775671695
1,-1.685,4.877,8.186,-0.049,-0.139,0.201,Sitting,1665775671933
1,-1.692,4.130,8.461,0.031,0.455,0.555,Sitting,1665775672173
1,-0.758,3.251,7.966,-0.482,0.605,0.455,Sitting,1665775672411
1,-1.455,3.699,9.738,0.166,-0.041,1.734,Sitting,1665775672648
1,-1.350,2.029,11.240,0.592,0.030,3.244,Sitting,1665775672886
1,1.073,2.398,10.169,-0.159,2.706,2.972,Sitting,1665775673125
1,-2.727,3.507,8.593,-0.889,1.608,1.605,Sitting,1665775673364
1,-3.191,2.072,15.239,0.677,-3.103,1.401,Sitting,1665775673604
1,4.256,3.081,9.822,-0.705,2.501,0.764,Sitting,1665775673840
1,-2.042,2.288,7.712,-0.538,0.682,0.804,Sitting,1665775674078
1,-0.471,3.442,6.098,0.633,-5.834,-0.387,Sitting,1665775674317
1,6.445,3.881,7.182,0.343,0.449,0.326,Sitting,1665775674558
1,0.324,0.098,10.138,0.033,2.661,0.584,Sitting,1665775674793
1,1.741,1.016,10.710,5.239,-11.472,0.266,Sitting,1665775675031
1,5.887,-1.459,3.041,2.518,-7.278,2.505,Sitting,1665775675270
1,14.528,2.123,-3.244,0.190,0.659,1.254,Sitting,1665775675509
1,10.998,-6.934,-0.770,0.437,-0.270,0.558,Sitting,1665775675747
1,5.269,-6.932,-0.619,0.351,0.184,0.521,Sitting,1665775675984
1,7.521,-7.006,-1.127,-0.085,-0.328,-0.175,Sitting,1665775676222
1,8.287,-6.098,-0.122,-0.150,-0.031,-0.075,Sitting,1665775676461
1,7.818,-6.599,-0.280,-0.037,-0.148,-0.270,Sitting,1665775676699
1,8.208,-5.777,-0.552,-0.031,-0.043,-0.130,Sitting,1665775676937
1,8.294,-5.816,-0.871,-0.046,-0.022,-0.058,Sitting,1665775677175
1,8.440,-5.615,-0.802,0.042,-0.083,-0.021,Sitting,1665775677413
1,8.316,-5.531,-1.031,-0.044,-0.079,-0.051,Sitting,1665775677651
1,8.416,-5.488,-1.252,-0.165,-0.058,-0.079,Sitting,1665775677890
1,8.397,-5.090,-0.897,-0.051,-0.231,-0.128,Sitting,1665775678128
1,8.366,-5.536,-1.942,-0.368,0.278,0.051,Sitting,1665775678367
1,8.562,-5.167,-0.979,-0.055,0.167,0.051,Sitting,1665775678605
1,9.168,-3.306,-1.724,-0.376,0.652,-0.314,Sitting,1665775678843
1,8.495,-4.331,0.227,-0.747,1.193,-0.277,Sitting,1665775679082
1,9.276,-3.766,1.370,-0.349,0.633,-0.023,Sitting,1665775679321
1,9.516,-2.707,2.953,-0.457,2.328,-0.394,Sitting,1665775679558
1,6.220,-1.840,6.098,0.991,1.306,-0.676,Sitting,1665775679797
1,4.709,-1.430,9.357,0.760,0.787,-0.266,Sitting,1665775680035
1,3.746,0.726,11.527,0.498,0.532,0.135,Sitting,1665775680274
1,3.016,3.811,9.973,0.358,0.720,-0.283,Sitting,1665775680512
1,1.255,3.847,9.712,0.668,0.291,-0.427,Sitting,1665775680750
1,-1.134,4.755,7.276,0.338,0.229,-0.263,Sitting,1665775680990
1,-1.862,5.742,7.820,0.132,0.164,0.075,Sitting,1665775681227
1,-1.218,6.192,8.679,-0.083,0.015,-0.003,Sitting,1665775681466
1,-0.564,5.471,8.121,-0.075,0.333,0.397,Sitting,1665775681704
1,0.381,4.831,7.367,0.022,-0.169,0.105,Sitting,1665775681943
1,-1.529,5.016,8.667,0.087,-0.142,0.079,Sitting,1665775682182
1,-0.198,6.266,7.314,-0.079,0.006,0.041,Sitting,1665775682420
1,-3.124,6.285,6.732,-0.041,-0.074,0.024,Walking,1665775688456
1,-2.700,6.704,7.472,-0.085,0.072,0.151,Walking,1665775688695
1,-2.487,6.542,5.942,0.062,0.222,0.818,Walking,1665775688934
1,-2.473,2.827,6.323,-1.440,0.688,0.809,Walking,1665775689174
1,5.411,6.082,8.073,-1.431,-3.645,2.084,Walking,1665775689409
1,14.679,1.067,7.800,1.548,-2.129,1.039,Walking,1665775689648
1,5.149,-5.172,0.088,0.680,-0.948,0.285,Walking,1665775689888
1,17.920,-6.015,-1.690,-0.496,-0.146,3.988,Walking,1665775690125
1,11.700,-2.221,0.385,1.201,-0.101,-0.552,Walking,1665775690364
1,11.125,-4.839,-0.201,1.385,-1.637,-1.754,Walking,1665775690602
1,7.978,-5.492,0.673,0.315,-0.330,-1.459,Walking,1665775690842
1,5.751,-4.532,0.819,-0.350,0.243,1.343,Walking,1665775691078
1,10.895,-7.135,-2.375,-1.064,1.381,2.449,Walking,1665775691317
1,13.479,-3.033,2.895,-1.492,0.850,1.185,Walking,1665775691556
1,10.076,-3.912,0.529,1.167,-0.578,-0.884,Walking,1665775691796
1,12.560,-8.445,1.140,0.854,-0.814,-2.312,Walking,1665775692033
1,5.993,-3.557,0.929,0.395,-0.162,-0.509,Walking,1665775692274
1,4.670,-6.412,-0.943,-0.927,0.722,1.412,Walking,1665775692509
1,13.204,-9.344,3.509,-3.128,2.262,1.832,Walking,1665775692747
1,13.221,-1.217,1.296,0.398,-0.908,0.217,Walking,1665775692986
1,13.963,-9.619,1.008,1.544,-1.552,-2.617,Walking,1665775693226
1,5.983,-7.255,1.202,0.338,0.118,-2.288,Walking,1665775693462
1,2.030,-5.571,-0.010,-0.388,0.455,1.006,Walking,1665775693702
1,15.688,-9.940,2.776,-1.744,0.281,3.721,Walking,1665775693939
1,11.520,-3.392,0.167,-0.753,0.134,1.112,Walking,1665775694176
1,12.993,-8.776,0.247,1.052,-0.332,-1.434,Walking,1665775694415
1,8.416,-10.206,0.237,1.133,-0.075,-3.348,Walking,1665775694653
1,1.864,-4.894,0.155,-0.278,0.303,-0.269,Walking,1665775694894
1,17.345,-11.149,3.168,-0.745,-1.102,4.456,Walking,1665775695130
1,9.513,-3.370,1.034,-0.404,0.323,1.235,Walking,1665775695368
1,13.889,-5.936,2.459,-0.057,0.489,-2.131,Walking,1665775695610
1,11.879,-8.704,2.448,0.423,3.012,-2.960,Walking,1665775695845
1,3.346,-1.739,2.651,0.953,1.970,-0.849,Walking,1665775696083
1,3.990,-0.571,8.284,-1.594,-0.707,0.241,Walking,1665775696323
1,8.819,-0.602,10.313,-1.914,-2.075,0.880,Walking,1665775696560
1,10.098,-2.230,12.600,1.738,0.548,-0.799,Walking,1665775696799
1,3.832,-3.332,2.845,1.649,-0.053,0.138,Walking,1665775697038
1,8.723,-10.448,7.834,-3.831,-1.504,0.839,Walking,1665775697276
1,13.781,-4.168,3.056,-1.033,-0.730,2.231,Walking,1665775697514
1,15.290,-6.812,4.383,1.216,-0.801,-1.512,Walking,1665775697753
1,7.300,-10.905,2.740,2.032,1.396,-3.133,Walking,1665775697992
1,0.498,-4.178,2.361,-0.711,0.927,-0.985,Walking,1665775698229
1,4.294,-7.171,2.237,-3.551,-0.596,1.304,Walking,1665775698467
1,13.228,-3.066,9.168,0.112,0.531,0.288,Walking,1665775698705
1,6.869,-8.697,6.426,3.354,1.912,-2.682,Walking,1665775698945
1,2.697,-5.121,3.858,0.207,0.779,-0.885,Walking,1665775699181
1,4.615,-4.496,4.843,-2.225,-1.129,1.987,Walking,1665775699420
1,16.540,-4.592,12.598,-1.760,-0.556,2.038,Walking,1665775699659
1,13.120,-7.789,10.428,1.864,-2.220,-2.740,Walking,1665775699896
1,4.682,-7.897,2.747,1.928,2.575,-2.151,Walking,1665775700135
1,2.980,-3.768,6.720,-1.709,-0.765,0.423,Walking,1665775700375
1,11.429,-6.867,11.532,-2.393,-3.135,3.050,Walking,1665775700613
1,14.830,-2.348,10.926,1.156,-1.268,-0.901,Walking,1665775700849
1,8.433,-10.402,9.791,2.335,2.664,-2.934,Walking,1665775701087
1,3.885,-3.835,2.783,-0.584,-0.080,-1.306,Walking,1665775701328
1,2.493,-2.535,4.862,-2.157,-2.259,0.875,Walking,1665775701564
1,21.242,-1.280,11.458,-0.185,-2.016,2.088,Walking,1665775701801
1,9.942,-6.146,4.962,2.094,-1.145,-2.593,Walking,1665775702043
1,0.702,-9.142,1.578,-2.211,0.731,-0.635,Walking,1665775702279
1,11.762,-6.575,2.792,-1.199,-1.004,3.116,Walking,1665775702519
1,15.522,-3.323,6.090,0.395,-1.000,-0.781,Walking,1665775702757
1,8.560,-11.918,9.930,3.037,1.546,-3.413,Walking,1665775702994
1,1.528,-8.393,-0.957,0.920,-0.596,-0.048,Walking,1665775703232
1,-1.105,5.172,9.611,0.146,-0.140,0.039,Walking Upstairs,1665775709510
1,-1.005,5.061,7.537,0.065,0.009,-0.146,Walking Upstairs,1665775709746
1,-1.016,5.349,8.433,-0.230,0.225,0.099,Walking Upstairs,1665775709985
1,-0.497,5.739,8.332,-0.077,0.107,0.162,Walking Upstairs,1665775710223
1,-1.512,4.566,5.504,-0.236,-0.085,0.139,Walking Upstairs,1665775710463
1,1.861,5.634,13.654,-0.726,-2.413,0.778,Walking Upstairs,1665775710702
1,7.006,1.304,4.201,-1.106,-0.648,0.226,Walking Upstairs,1665775710939
1,14.303,4.570,30.812,-1.829,-2.235,0.705,Walking Upstairs,1665775711178
1,1.140,-1.064,0.941,2.329,0.639,-0.252,Walking Upstairs,1665775711414
1,-0.341,5.794,0.582,-1.350,-1.166,1.547,Walking Upstairs,1665775711652
1,-5.486,-23.486,4.943,-2.106,-0.042,1.028,Walking Upstairs,1665775711892
1,51.285,6.371,5.247,0.732,-1.958,4.812,Walking Upstairs,1665775712131
1,10.292,-55.920,4.845,3.427,-3.380,-9.895,Walking Upstairs,1665775712369
1,69.427,-4.635,17.069,-1.848,0.298,8.563,Walking Upstairs,1665775712605
1,47.335,-57.246,13.074,6.050,-3.395,-10.066,Walking Upstairs,1665775712845
1,32.881,-25.975,-5.014,-1.902,1.008,11.611,Walking Upstairs,1665775713083
1,8.153,-9.377,-1.513,0.846,1.497,-3.281,Walking Upstairs,1665775713322
1,30.688,-25.979,17.378,5.452,-4.517,-2.905,Walking Upstairs,1665775713560
1,-0.835,-8.798,-0.684,4.394,1.100,-2.913,Walking Upstairs,1665775713800
1,16.236,-10.390,-0.271,0.469,-0.370,5.132,Walking Upstairs,1665775714037
1,17.448,4.254,-3.975,0.496,-0.742,0.713,Walking Upstairs,1665775714275
1,33.123,-18.054,1.662,1.394,0.847,-6.385,Walking Upstairs,1665775714515
1,-8.036,-7.042,-1.206,0.893,0.333,-2.310,Walking Upstairs,1665775714752
1,23.445,-34.875,-5.956,-3.465,0.682,9.085,Walking Upstairs,1665775714990
1,16.007,20.128,15.927,-1.377,-0.820,0.487,Walking Upstairs,1665775715229
1,29.708,-41.437,4.249,1.645,-1.334,-9.092,Walking Upstairs,1665775715467
1,24.101,-44.519,0.726,-2.272,0.093,11.037,Walking Upstairs,1665775715706
1,26.080,11.459,1.420,-0.692,0.720,-2.964,Walking Upstairs,1665775715943
1,-37.869,-41.298,-6.128,-1.257,1.245,-7.263,Walking Upstairs,1665775716181
1,36.404,9.710,-17.009,3.292,-2.580,4.376,Walking Upstairs,1665775716419
1,30.656,-47.058,0.706,2.735,-2.170,-9.917,Walking Upstairs,1665775716657
1,3.360,-36.654,-3.561,-2.297,-0.225,8.254,Walking Upstairs,1665775716897
1,44.380,8.393,8.394,-0.018,-1.823,-0.311,Walking Upstairs,1665775717136
1,-14.690,-40.453,6.586,-0.861,-0.481,-7.356,Walking Upstairs,1665775717372
1,54.496,-41.921,-13.141,1.509,-0.669,10.482,Walking Upstairs,1665775717610
1,12.864,11.585,2.088,-0.872,0.866,-1.404,Walking Upstairs,1665775717848
1,40.941,-66.858,-11.174,5.320,5.091,-11.338,Walking Upstairs,1665775718088
1,-1.163,-0.501,-2.878,-1.542,2.611,0.615,Walking Upstairs,1665775718327
1,-0.176,4.556,16.894,-1.418,-0.270,0.457,Walking Upstairs,1665775718563
1,-0.926,3.028,5.671,0.517,0.438,0.983,Walking Upstairs,1665775718802
1,-1.984,-2.951,0.979,2.260,-4.086,3.184,Walking Upstairs,1665775719043
1,43.822,-4.247,-4.107,1.505,-4.375,3.548,Walking Upstairs,1665775719281
1,14.825,16.857,13.223,3.447,-2.143,0.660,Walking Upstairs,1665775719518
1,-13.195,-50.868,-3.424,1.500,-0.505,-9.690,Walking Upstairs,1665775719757
1,74.239,-48.689,2.653,0.503,0.001,12.655,Walking Upstairs,1665775719995
1,26.623,-5.550,7.997,2.041,-1.789,-5.233,Walking Upstairs,1665775720233
1,-32.054,-26.755,3.494,-0.842,1.680,-3.922,Walking Upstairs,1665775720472
1,21.055,3.773,23.476,-1.498,7.182,-0.538,Walking Upstairs,1665775720710
1,1.670,0.633,5.350,1.256,1.565,0.376,Walking Upstairs,1665775720947
1,-0.978,3.409,7.664,0.029,0.580,0.240,Walking Upstairs,1665775721186
1,-0.372,4.803,7.717,0.132,0.158,0.436,Walking Upstairs,1665775721424
1,-0.337,4.604,8.687,0.115,0.199,0.292,Walking Upstairs,1665775721662
1,-6.482,-9.832,-7.156,-0.046,-7.511,4.616,Walking Upstairs,1665775721901
1,11.283,-18.933,1.796,3.599,3.864,-6.067,Walking Upstairs,1665775722139
1,45.941,29.488,34.749,-0.282,-0.582,2.926,Walking Upstairs,1665775722377
1,-16.275,-21.716,-16.618,-0.514,-0.748,2.935,Walking Upstairs,1665775722615
1,19.326,-1.656,21.476,3.037,3.351,-4.994,Walking Upstairs,1665775722853
1,17.046,-14.023,14.645,-4.524,-4.755,7.440,Walking Upstairs,1665775723094
1,-1.398,-23.716,1.375,3.981,-2.750,-5.600,Walking Upstairs,1665775723331
1,63.619,19.094,11.711,-1.837,1.360,5.152,Walking Upstairs,1665775723568
1,-27.367,-27.833,-0.302,0.759,-3.977,-4.161,Walking Upstairs,1665775723806
1,51.613,5.588,23.478,-0.625,2.799,-0.202,Walking Upstairs,1665775724046
1,-3.814,-1.162,-0.945,1.009,-0.133,-0.000,Walking Upstairs,1665775724286
2,-1.199,4.137,8.174,0.292,-0.290,0.120,Sitting,1665775730478
2,0.750,5.114,6.533,0.701,-0.271,0.167,Sitting,1665775730718
2,-0.454,6.709,6.447,0.214,-0.268,0.023,Sitting,1665775730957
2,1.653,3.905,9.970,0.151,-0.028,0.293,Sitting,1665775731196
2,2.125,4.803,8.282,-0.488,0.018,0.102,Sitting,1665775731433
2,-0.878,5.143,9.872,0.059,0.296,0.239,Sitting,1665775731671
2,3.605,6.661,11.206,-0.214,-0.798,0.308,Sitting,1665775731912
2,4.941,5.797,8.797,0.522,-0.261,-0.212,Sitting,1665775732148
2,2.807,7.739,6.986,0.728,-0.039,-0.285,Sitting,1665775732387
2,-3.266,6.862,3.626,-0.229,0.273,-0.812,Sitting,1665775732626
2,-1.814,8.180,2.673,0.306,0.997,-0.874,Sitting,1665775732863
2,-1.268,8.146,6.699,-0.471,-0.347,0.001,Sitting,1665775733101
2,3.722,7.751,6.658,-1.014,-0.394,-0.312,Sitting,1665775733338
2,0.594,4.266,14.703,-1.133,-0.337,0.897,Sitting,1665775733579
2,0.922,4.151,8.452,-0.321,-0.777,0.009,Sitting,1665775733816
2,-0.552,5.706,8.033,0.537,0.215,-0.054,Sitting,1665775734054
2,0.343,5.761,8.248,-0.480,-0.342,0.380,Sitting,1665775734293
2,0.004,5.653,7.817,0.131,-0.030,-0.038,Sitting,1665775734532
2,0.256,5.646,7.829,0.042,0.074,-0.083,Sitting,1665775734771
2,0.087,5.892,8.220,0.004,-0.001,-0.053,Sitting,1665775735006
2,0.266,5.763,7.908,0.029,0.012,-0.009,Sitting,1665775735248
2,0.162,5.964,8.442,-0.112,-0.213,0.055,Sitting,1665775735483
2,0.295,5.797,7.884,0.052,0.104,-0.042,Sitting,1665775735722
2,0.395,5.773,8.330,-0.007,0.016,-0.019,Sitting,1665775735964
2,0.328,5.684,8.361,-0.005,0.053,-0.038,Sitting,1665775736199
2,0.283,5.897,8.445,-0.040,-0.135,0.031,Sitting,1665775736438
2,0.628,5.694,7.834,-0.055,-0.077,-0.069,Sitting,1665775736676
2,0.623,5.801,7.367,0.086,0.071,-0.043,Sitting,1665775736914
2,0.443,5.780,7.980,0.017,0.020,-0.023,Sitting,1665775737153
2,0.680,5.876,8.078,-0.003,-0.024,0.015,Sitting,1665775737392
2,0.063,6.194,9.180,0.047,-0.140,0.007,Sitting,1665775737632
2,-5.392,1.696,8.464,-0.755,0.556,-2.594,Sitting,1665775737867
2,-2.037,4.209,6.682,0.663,0.946,-0.174,Sitting,1665775738105
2,-1.091,6.106,5.796,0.113,0.443,0.197,Sitting,1665775738345
2,-2.372,4.963,8.780,-0.044,0.303,-0.066,Sitting,1665775738585
2,-2.542,6.024,8.560,-0.316,0.283,-0.281,Sitting,1665775738823
2,-0.679,6.386,7.848,-0.151,-0.139,0.114,Sitting,1665775739061
2,-1.445,6.292,8.073,-0.096,0.029,-0.066,Sitting,1665775739299
2,-1.608,6.319,7.539,-0.019,0.020,0.109,Sitting,1665775739539
2,-2.051,6.460,8.852,0.076,-0.022,0.221,Sitting,1665775739773
2,-1.733,6.043,7.058,0.036,0.232,-0.047,Sitting,1665775740014
2,-1.644,6.592,7.182,0.012,0.030,0.030,Sitting,1665775740249
2,-1.524,6.491,7.238,-0.067,-0.035,-0.085,Sitting,1665775740488
2,-2.324,5.857,7.650,-0.184,0.109,-0.219,Sitting,1665775740727
2,-2.030,5.907,7.645,0.043,-0.208,-0.043,Sitting,1665775740968
2,-1.512,6.206,7.745,0.142,-0.171,0.238,Sitting,1665775741203
2,-2.049,5.785,7.252,-0.181,0.065,-0.001,Sitting,1665775741441
2,-1.563,6.463,7.745,-0.177,0.056,-0.114,Sitting,1665775741683
2,-1.342,5.718,7.901,-0.013,0.099,0.050,Sitting,1665775741921
2,-1.524,5.452,7.956,0.023,-0.027,-0.003,Sitting,1665775742157
2,-1.855,5.964,7.638,-0.016,-0.064,0.043,Sitting,1665775742396
2,-1.481,6.065,7.448,-0.022,0.266,0.268,Sitting,1665775742634
2,-2.054,5.430,8.619,-0.095,-0.072,-0.081,Sitting,1665775742872
2,-1.489,5.684,7.954,0.032,-0.103,0.024,Sitting,1665775743114
2,-1.898,5.526,8.119,-0.016,-0.062,-0.007,Sitting,1665775743349
2,-1.383,5.761,7.829,0.040,0.015,0.028,Sitting,1665775743590
2,-1.465,5.653,7.958,-0.027,-0.023,0.014,Sitting,1665775743825
2,-1.424,5.619,7.987,-0.017,-0.029,0.004,Sitting,1665775744064
2,-1.328,5.706,8.149,-0.008,-0.024,0.008,Sitting,1665775744305
2,-1.184,5.615,8.160,-0.005,-0.055,-0.005,Sitting,1665775744541
2,-0.959,5.933,8.081,0.023,-0.073,0.034,Sitting,1665775744779
2,-1.199,5.596,7.841,0.016,-0.060,0.027,Sitting,1665775745016
2,-1.033,5.643,7.954,0.015,-0.061,0.020,Sitting,1665775745255
2,-1.771,6.649,6.620,-0.043,-0.359,0.120,Walking,1665775751509
2,-1.867,6.839,7.101,-0.140,0.047,0.068,Walking,1665775751749
2,-3.627,5.275,5.216,-0.166,-0.099,0.368,Walking,1665775751988
2,-1.237,8.024,9.326,-0.674,-0.159,0.430,Walking,1665775752224
2,-0.713,4.204,4.481,0.860,-0.261,0.600,Walking,1665775752465
2,16.392,-11.200,-1.379,0.086,-4.361,4.029,Walking,1665775752701
2,13.185,-6.891,1.786,-1.564,-0.651,4.078,Walking,1665775752939
2,18.693,-2.381,3.154,-0.376,0.133,1.201,Walking,1665775753177
2,14.672,-12.613,2.498,2.748,-1.466,-3.344,Walking,1665775753416
2,3.435,-5.519,0.452,0.959,-1.067,-2.741,Walking,1665775753653
2,10.557,-11.252,0.601,-1.614,1.954,2.136,Walking,1665775753892
2,17.913,-5.370,6.804,-2.636,0.001,4.685,Walking,1665775754131
2,14.734,-7.298,2.402,0.457,-0.956,-0.638,Walking,1665775754369
2,10.462,-13.422,1.387,2.307,-2.604,-4.368,Walking,1665775754607
2,0.166,-6.486,0.304,-0.273,0.743,-2.276,Walking,1665775754845
2,13.851,-13.355,3.046,-2.019,0.264,5.145,Walking,1665775755083
2,15.719,-4.649,-0.029,-0.764,0.109,2.937,Walking,1665775755322
2,13.958,-12.227,3.856,0.289,0.446,-3.204,Walking,1665775755560
2,4.769,-8.865,-0.340,1.962,-2.426,-5.191,Walking,1665775755799
2,5.094,-10.989,0.448,-1.161,0.910,1.084,Walking,1665775756037
2,14.354,-8.807,1.513,-2.088,-0.025,4.492,Walking,1665775756276
2,15.479,-4.664,1.327,-0.086,0.903,0.888,Walking,1665775756516
2,12.732,-13.473,2.069,1.798,-2.136,-3.185,Walking,1665775756751
2,0.159,-6.767,-0.146,-0.510,0.262,-3.381,Walking,1665775756990
2,13.863,-12.141,-0.216,-2.001,0.371,4.507,Walking,1665775757229
2,13.930,-4.594,1.157,-0.591,-0.127,3.315,Walking,1665775757467
2,13.336,-8.948,3.006,0.233,-1.035,-1.098,Walking,1665775757706
2,8.605,-10.110,1.128,1.784,-2.488,-3.046,Walking,1665775757944
2,0.980,-7.210,0.737,-1.036,1.653,-2.181,Walking,1665775758183
2,15.448,-9.497,0.079,-0.999,-0.050,4.401,Walking,1665775758424
2,11.657,-4.010,-0.022,-0.163,-0.061,1.399,Walking,1665775758658
2,14.004,-8.489,2.057,2.404,-5.269,-1.174,Walking,1665775758897
2,5.928,-10.680,3.077,0.838,-1.891,-4.095,Walking,1665775759134
2,2.625,-8.352,0.323,-0.078,0.733,-0.538,Walking,1665775759373
2,13.652,-9.619,1.636,-1.674,0.431,4.077,Walking,1665775759611
2,13.170,-5.212,0.694,0.088,0.046,1.123,Walking,1665775759853
2,10.380,-10.675,3.104,0.278,-0.128,-2.859,Walking,1665775760088
2,6.268,-9.085,1.643,0.935,-2.004,-3.201,Walking,1665775760326
2,5.545,-8.553,0.014,-0.861,1.494,0.649,Walking,1665775760564
2,13.237,-7.111,0.898,-0.935,0.200,3.831,Walking,1665775760803
2,14.342,-4.664,2.713,0.122,0.180,0.730,Walking,1665775761043
2,11.168,-11.913,2.613,0.818,-1.326,-3.381,Walking,1665775761280
2,0.592,-6.616,-0.787,0.951,-0.328,-2.861,Walking,1665775761520
2,8.668,-6.891,-0.285,-4.096,3.601,0.940,Walking,1665775761757
2,11.269,-11.427,2.067,-1.377,-0.979,3.529,Walking,1665775761997
2,13.427,-5.938,2.464,0.543,1.649,-1.481,Walking,1665775762236
2,11.211,-13.271,1.394,2.257,-3.229,-3.830,Walking,1665775762473
2,-0.904,-6.776,-1.740,0.757,0.419,-2.294,Walking,1665775762712
2,16.681,-12.424,3.954,-1.849,0.141,4.951,Walking,1665775762948
2,15.012,-3.881,-0.711,0.904,0.195,1.372,Walking,1665775763187
2,16.511,-12.230,4.524,0.144,-0.492,-3.029,Walking,1665775763425
2,7.659,-9.962,3.451,1.489,7.203,-4.859,Walking,1665775763663
2,2.110,2.767,0.299,1.378,0.626,-0.513,Walking,1665775763902
2,1.792,6.690,10.401,-1.822,-1.186,-0.435,Walking,1665775764140
2,-0.056,5.191,12.770,0.017,-0.075,-0.567,Walking,1665775764379
2,1.971,1.256,5.250,0.272,-0.329,0.670,Walking,1665775764617
2,8.450,-12.390,-0.907,-0.458,-4.163,2.286,Walking,1665775764854
2,13.812,-5.473,6.953,-2.680,-1.385,4.532,Walking,1665775765093
2,11.372,-3.454,0.390,0.170,-0.812,0.688,Walking,1665775765331
2,15.862,-15.722,3.964,0.458,0.611,-3.186,Walking,1665775765569
2,1.919,-7.811,1.439,2.049,-1.531,-3.776,Walking,1665775765808
2,3.602,-11.296,0.591,-1.058,1.092,0.831,Walking,1665775766046
2,16.801,-9.380,3.722,-3.208,0.516,5.352,Walking,1665775766287
2,-0.686,6.527,7.535,-0.039,0.046,0.027,Walking Upstairs,1665775772502
2,-0.935,6.204,7.515,-0.138,-0.009,-0.017,Walking Upstairs,1665775772740
2,-0.981,6.922,6.476,-0.114,-0.038,0.014,Walking Upstairs,1665775772980
2,-2.921,5.984,3.755,-0.560,-0.854,0.242,Walking Upstairs,1665775773219
2,0.195,4.341,3.125,0.224,-0.747,1.091,Walking Upstairs,1665775773454
2,21.644,-1.641,19.548,-2.641,-3.743,1.423,Walking Upstairs,1665775773693
2,1.658,13.092,9.151,-0.644,1.085,-0.133,Walking Upstairs,1665775773931
2,8.047,-8.172,3.736,3.633,0.496,-0.662,Walking Upstairs,1665775774173
2,16.162,-1.474,2.919,-4.703,-1.573,-0.135,Walking Upstairs,1665775774407
2,-0.310,6.858,2.579,0.735,0.461,0.392,Walking Upstairs,1665775774646
2,15.364,-6.405,9.132,5.473,0.905,-0.809,Walking Upstairs,1665775774887
2,9.578,-8.793,-7.179,-3.518,-1.482,3.159,Walking Upstairs,1665775775124
2,1.425,9.030,9.843,-1.078,0.082,1.691,Walking Upstairs,1665775775362
2,27.172,-4.824,8.196,4.209,1.736,-3.447,Walking Upstairs,1665775775599
2,0.709,-11.834,-5.299,-1.288,-0.283,3.031,Walking Upstairs,1665775775838
2,5.310,2.626,5.027,-1.988,0.765,0.179,Walking Upstairs,1665775776076
2,12.507,4.333,1.104,-0.954,0.226,0.728,Walking Upstairs,1665775776314
2,5.746,-6.424,-4.408,2.311,0.786,-3.145,Walking Upstairs,1665775776553
2,21.450,-17.927,1.267,-5.644,-2.355,3.645,Walking Upstairs,1665775776791
2,10.577,-2.451,2.184,-1.518,0.629,2.023,Walking Upstairs,1665775777030
2,15.515,0.595,5.980,-2.577,2.141,1.794,Walking Upstairs,1665775777268
2,18.703,-15.669,-2.320,4.814,0.583,-5.317,Walking Upstairs,1665775777507
2,-3.907,-7.717,0.053,0.208,-0.821,1.507,Walking Upstairs,1665775777744
2,33.095,-22.523,10.825,-4.747,-0.080,5.122,Walking Upstairs,1665775777985
2,-1.438,9.135,2.900,-0.742,1.653,-1.429,Walking Upstairs,1665775778222
2,34.009,-16.306,4.474,2.916,1.424,-4.212,Walking Upstairs,1665775778461
2,-11.461,-28.813,-0.727,-2.880,0.311,3.320,Walking Upstairs,1665775778697
2,14.641,4.427,6.612,-2.094,1.693,1.544,Walking Upstairs,1665775778938
2,38.474,-4.182,9.269,3.720,1.097,-3.916,Walking Upstairs,1665775779175
2,-12.415,-22.396,-6.605,1.303,0.675,-0.794,Walking Upstairs,1665775779412
2,19.072,-0.427,9.427,-3.047,1.186,0.835,Walking Upstairs,1665775779651
2,-3.206,4.388,2.828,-2.313,0.839,-0.867,Walking Upstairs,1665775779890
2,16.167,-13.832,-0.158,1.026,0.107,-4.570,Walking Upstairs,1665775780126
2,-2.839,-8.611,-2.277,-1.944,-2.356,-1.660,Walking Upstairs,1665775780366
2,28.463,-3.200,2.548,-3.735,-2.170,3.685,Walking Upstairs,1665775780604
2,9.240,-2.175,2.797,-2.776,1.185,0.397,Walking Upstairs,1665775780842
2,19.556,4.312,4.464,-1.510,1.763,0.917,Walking Upstairs,1665775781080
2,4.560,-5.713,-4.938,0.042,3.761,-2.973,Walking Upstairs,1665775781319
2,1.032,-2.515,8.069,0.229,2.851,-1.749,Walking Upstairs,1665775781557
2,-1.115,0.966,4.890,-0.453,-0.115,-0.312,Walking Upstairs,1665775781796
2,-0.346,-0.367,16.746,-0.990,-0.026,1.443,Walking Upstairs,1665775782036
2,-1.553,7.854,6.052,1.591,0.510,-0.360,Walking Upstairs,1665775782274
2,-0.578,1.134,8.897,-0.076,1.247,0.004,Walking Upstairs,1665775782511
2,-1.352,2.379,5.722,1.415,1.703,1.143,Walking Upstairs,1665775782753
2,5.791,0.913,6.100,0.021,-0.471,0.297,Walking Upstairs,1665775782987
2,-3.634,3.878,13.568,1.027,0.270,-0.430,Walking Upstairs,1665775783229
2,2.113,2.595,3.940,-1.524,0.298,0.372,Walking Upstairs,1665775783465
2,-3.433,4.278,14.035,-0.325,-0.064,0.055,Walking Upstairs,1665775783704
2,0.061,-0.396,2.225,-1.550,0.604,1.848,Walking Upstairs,1665775783941
2,-7.287,3.306,23.380,-1.469,0.334,0.779,Walking Upstairs,1665775784179
2,-14.024,5.030,33.022,-0.170,2.705,0.677,Walking Upstairs,1665775784421
2,-0.631,2.072,1.149,0.135,-0.125,0.952,Walking Upstairs,1665775784658
2,-3.881,3.109,7.796,-0.959,0.005,0.785,Walking Upstairs,1665775784894
2,-2.243,7.464,13.534,-0.121,0.491,0.972,Walking Upstairs,1665775785131
2,-2.420,3.529,8.442,1.547,0.003,0.595,Walking Upstairs,1665775785371
2,-0.547,3.639,6.483,-0.072,-0.155,1.278,Walking Upstairs,1665775785608
2,0.429,5.356,8.488,-0.804,1.373,1.212,Walking Upstairs,1665775785847
2,0.066,4.427,8.461,-0.674,0.926,1.093,Walking Upstairs,1665775786087
2,-3.833,5.861,11.357,-0.560,1.327,0.445,Walking Upstairs,1665775786326
2,-2.320,1.330,6.296,0.485,0.347,0.572,Walking Upstairs,1665775786563
2,-0.351,5.687,7.848,-0.896,0.037,1.103,Walking Upstairs,1665775786799
2,-3.299,2.882,5.882,0.705,-0.411,0.075,Walking Upstairs,1665775787038
2,-1.982,4.427,7.896,0.226,-0.829,-0.201,Walking Upstairs,1665775787277
3,-2.444,4.211,7.923,-0.392,-0.327,0.144,Sitting,1665775793473
3,0.008,4.180,9.934,0.230,-0.500,-0.721,Sitting,1665775793711
3,-1.062,5.167,7.851,0.205,-0.255,-0.441,Sitting,1665775793949
3,-2.154,5.967,8.945,0.465,-0.180,-0.092,Sitting,1665775794188
3,-1.534,5.924,7.690,0.303,0.136,0.604,Sitting,1665775794426
3,-0.571,6.338,7.987,0.033,0.090,0.367,Sitting,1665775794665
3,-0.562,6.793,6.756,0.127,0.187,0.056,Sitting,1665775794904
3,-0.892,7.373,6.929,-0.117,0.051,0.048,Sitting,1665775795143
3,-1.663,6.958,7.939,0.319,0.502,0.374,Sitting,1665775795380
3,0.963,6.678,6.610,-0.143,0.993,0.049,Sitting,1665775795617
3,-1.352,6.839,6.742,-0.209,-0.025,0.160,Sitting,1665775795857
3,-0.863,7.219,6.809,-0.038,-0.012,-0.017,Sitting,1665775796094
3,-1.362,7.054,6.953,-0.109,-0.005,-0.007,Sitting,1665775796332
3,-1.637,6.724,5.722,-0.239,0.025,0.210,Sitting,1665775796570
3,-1.594,7.413,6.457,-0.580,-0.399,-0.072,Sitting,1665775796809
3,-2.648,6.017,7.379,-0.233,0.387,0.566,Sitting,1665775797047
3,-0.811,7.231,7.602,-0.084,0.043,0.741,Sitting,1665775797288
3,-1.891,4.063,9.297,-0.351,0.833,0.448,Sitting,1665775797527
3,-0.018,4.997,7.810,-0.233,0.259,0.992,Sitting,1665775797762
3,-1.987,4.805,5.808,-0.465,0.901,1.358,Sitting,1665775798000
3,-3.038,3.569,10.533,-0.580,0.755,1.135,Sitting,1665775798239
3,-2.188,3.311,9.312,-0.154,0.688,0.990,Sitting,1665775798478
3,-0.332,3.732,9.858,0.014,0.388,0.691,Sitting,1665775798716
3,-0.351,4.750,9.853,0.023,0.710,0.448,Sitting,1665775798957
3,-0.868,5.433,9.400,-0.165,0.512,0.333,Sitting,1665775799193
3,-2.609,5.327,9.815,0.405,0.546,0.404,Sitting,1665775799432
3,-1.697,4.812,10.782,-0.248,0.207,0.903,Sitting,1665775799669
3,-2.779,5.212,5.470,-0.065,0.555,0.727,Sitting,1665775799909
3,-1.232,8.086,6.636,0.047,0.063,0.091,Sitting,1665775800146
3,0.090,7.600,6.363,0.204,-0.002,0.413,Sitting,1665775800384
3,0.422,5.413,4.548,-0.745,0.303,0.293,Sitting,1665775800624
3,3.703,6.846,12.880,-0.745,0.231,-0.044,Sitting,1665775800860
3,-0.028,4.963,8.916,-0.465,-0.250,0.141,Sitting,1665775801100
3,-1.340,5.766,6.730,-0.003,-0.031,-0.096,Sitting,1665775801337
3,-0.765,5.619,7.860,-0.019,-0.009,-0.013,Sitting,1665775801575
3,-0.722,5.622,8.021,0.055,0.059,0.038,Sitting,1665775801812
3,-0.521,5.481,8.301,0.002,0.020,0.014,Sitting,1665775802051
3,-0.689,5.564,8.234,-0.011,0.022,-0.017,Sitting,1665775802289
3,-0.796,5.567,8.210,0.017,0.015,-0.013,Sitting,1665775802528
3,-0.744,5.516,8.258,0.014,0.004,-0.018,Sitting,1665775802766
3,-0.753,5.552,8.229,-0.002,-0.011,-0.009,Sitting,1665775803004
3,-0.732,5.562,8.210,-0.010,-0.005,-0.014,Sitting,1665775803242
3,-0.837,5.564,8.078,0.001,-0.003,-0.004,Sitting,1665775803480
3,-0.818,5.586,8.198,0.002,0.000,-0.007,Sitting,1665775803719
3,-0.897,5.653,8.181,0.017,0.021,-0.013,Sitting,1665775803958
3,-0.887,5.619,8.093,-0.009,0.014,-0.009,Sitting,1665775804197
3,-0.899,5.574,8.161,0.003,0.005,-0.007,Sitting,1665775804436
3,-0.832,5.526,8.205,0.016,-0.011,-0.019,Sitting,1665775804674
3,-0.861,5.533,8.163,0.024,-0.013,-0.026,Sitting,1665775804912
3,-0.971,5.579,8.332,0.018,-0.002,0.002,Sitting,1665775805151
3,-0.770,5.548,8.370,0.011,0.004,-0.009,Sitting,1665775805390
3,-0.974,5.629,8.156,0.002,-0.020,-0.002,Sitting,1665775805627
3,-0.902,5.548,8.311,-0.024,0.009,0.007,Sitting,1665775805866
3,-1.021,5.636,8.014,-0.002,0.014,0.010,Sitting,1665775806107
3,-0.866,5.598,8.140,-0.038,-0.013,0.007,Sitting,1665775806342
3,-1.053,5.603,8.258,0.005,0.004,-0.016,Sitting,1665775806580
3,-0.976,5.581,8.296,-0.015,-0.009,-0.002,Sitting,1665775806818
3,-1.065,5.718,7.997,0.005,0.005,-0.010,Sitting,1665775807059
3,-0.823,5.636,7.920,0.025,0.013,-0.015,Sitting,1665775807294
3,-2.698,6.680,6.660,-0.020,0.104,0.016,Sitting,1665775807533
3,-0.327,4.901,8.066,-0.084,-0.169,0.312,Sitting,1665775807772
3,-0.317,5.636,8.163,-0.018,0.038,-0.082,Sitting,1665775808009
3,-0.976,5.440,8.334,-0.087,0.072,-0.008,Sitting,1665775808253
3,-1.280,7.844,5.520,-0.040,0.136,-0.007,Walking,1665775814502
3,-1.582,7.703,6.198,-0.067,0.022,-0.049,Walking,1665775814742
3,-4.197,4.527,3.365,0.356,-0.126,0.118,Walking,1665775814982
3,-3.239,6.910,3.109,0.045,0.479,1.115,Walking,1665775815217
3,5.092,-6.333,-0.823,1.628,-2.480,3.615,Walking,1665775815456
3,26.063,-8.565,3.008,-2.891,-0.403,6.139,Walking,1665775815694
3,13.084,-2.683,0.757,-0.183,0.772,1.515,Walking,1665775815932
3,19.290,-13.343,2.931,0.303,1.204,-2.093,Walking,1665775816172
3,5.451,-9.298,0.306,2.825,-2.515,-4.690,Walking,1665775816410
3,-0.686,-7.490,-2.054,-1.227,1.188,-1.059,Walking,1665775816648
3,22.159,-9.485,3.827,-4.165,-1.032,5.642,Walking,1665775816884
3,13.163,-2.130,3.985,-2.092,2.039,2.391,Walking,1665775817124
3,17.510,-14.907,3.564,1.717,1.857,-1.733,Walking,1665775817363
3,4.620,-7.574,-0.497,3.599,-1.825,-4.230,Walking,1665775817601
3,1.674,-6.786,-0.497,-0.869,0.023,-1.025,Walking,1665775817838
3,15.970,-13.008,2.965,-3.024,-0.017,5.348,Walking,1665775818076
3,13.319,-3.339,3.717,-0.593,1.546,1.789,Walking,1665775818315
3,15.532,-12.282,4.102,1.124,0.248,-2.086,Walking,1665775818553
3,7.894,-9.715,0.874,2.374,-3.060,-3.929,Walking,1665775818792
3,1.389,-6.575,-0.785,-0.362,0.420,-1.428,Walking,1665775819031
3,17.146,-13.738,4.124,-2.143,1.215,5.044,Walking,1665775819268
3,11.609,-5.332,2.539,-0.992,1.546,1.967,Walking,1665775819509
3,13.580,-9.518,2.483,0.330,1.036,-1.273,Walking,1665775819744
3,9.556,-9.147,0.498,2.904,-4.083,-3.407,Walking,1665775819983
3,3.432,-6.062,3.221,-1.317,0.464,-2.374,Walking,1665775820221
3,9.856,-9.437,-1.817,-0.261,1.270,2.584,Walking,1665775820458
3,11.606,-10.594,-3.082,-0.132,0.689,5.146,Walking,1665775820698
3,8.704,-7.538,-1.575,-0.033,1.459,-0.157,Walking,1665775820937
3,9.930,-13.832,3.422,0.170,-3.731,-2.675,Walking,1665775821176
3,3.174,-8.453,2.804,-0.673,-0.397,-3.795,Walking,1665775821415
3,10.591,-10.891,2.783,-0.995,1.948,2.888,Walking,1665775821650
3,11.005,-9.102,1.401,-0.572,0.539,3.481,Walking,1665775821891
3,13.908,-5.612,1.676,0.233,1.037,0.875,Walking,1665775822129
3,10.962,-12.136,3.683,0.042,-1.124,-2.726,Walking,1665775822368
3,4.510,-7.035,1.142,0.618,-0.975,-3.490,Walking,1665775822606
3,6.529,-8.378,1.188,-0.667,0.925,1.040,Walking,1665775822845
3,11.662,-8.733,1.846,-1.551,-0.303,4.111,Walking,1665775823081
3,13.024,-5.234,-1.637,0.587,-0.210,2.198,Walking,1665775823320
3,11.884,-12.352,3.298,0.196,0.033,-2.273,Walking,1665775823561
3,6.069,-8.323,0.778,1.039,-2.277,-3.573,Walking,1665775823796
3,3.219,-8.366,-0.271,-0.614,1.174,-0.728,Walking,1665775824035
3,11.453,-9.226,2.733,-1.681,0.163,4.288,Walking,1665775824273
3,12.984,-5.172,2.100,-0.537,1.357,1.998,Walking,1665775824511
3,11.681,-10.539,2.955,0.396,0.131,-2.125,Walking,1665775824749
3,7.367,-9.466,1.959,1.363,-2.144,-3.197,Walking,1665775824988
3,2.335,-6.862,-0.096,-0.663,1.332,-1.515,Walking,1665775825229
3,11.113,-10.117,3.609,-1.973,1.059,4.146,Walking,1665775825464
3,12.861,-6.161,0.570,-0.341,0.716,2.385,Walking,1665775825702
3,13.853,-9.430,1.937,0.769,0.032,-1.256,Walking,1665775825942
3,8.088,-11.662,2.110,1.581,-2.639,-3.933,Walking,1665775826182
3,5.794,-3.658,-1.501,-0.167,0.499,-2.122,Walking,1665775826417
3,4.673,2.518,11.755,-0.816,1.652,-2.256,Walking,1665775826654
3,3.456,2.204,6.799,0.204,0.002,-0.646,Walking,1665775826894
3,4.021,1.462,12.198,-0.420,0.226,-1.009,Walking,1665775827133
3,2.745,-3.476,-1.269,1.234,-3.273,0.175,Walking,1665775827370
3,12.418,-23.206,6.184,-3.129,0.049,2.925,Walking,1665775827608
3,9.135,-5.016,-1.201,0.606,-0.054,2.828,Walking,1665775827849
3,9.805,-5.155,4.330,-1.167,0.649,-1.178,Walking,1665775828086
3,13.841,-12.136,3.101,1.238,1.286,-3.132,Walking,1665775828326
3,3.432,-5.327,-0.012,2.381,-0.297,-1.500,Walking,1665775828564
3,4.534,-8.120,-0.440,-0.299,0.588,0.500,Walking,1665775828800
3,13.199,-8.963,12.660,-4.495,0.532,1.949,Walking,1665775829038
3,7.367,-5.207,6.138,-1.391,0.580,0.348,Walking,1665775829279
3,31.557,10.999,11.659,0.734,1.202,-0.677,Walking Upstairs,1665775835495
3,9.434,-14.809,-2.291,2.850,-0.272,-6.108,Walking Upstairs,1665775835732
3,-0.269,9.360,7.731,-1.000,-0.163,-0.215,Walking Upstairs,1665775835970
3,0.159,2.860,2.433,-0.552,-1.079,0.630,Walking Upstairs,1665775836209
3,-0.020,4.678,7.245,0.952,-0.992,0.046,Walking Upstairs,1665775836447
3,5.336,-3.291,-1.187,2.304,-0.772,-3.368,Walking Upstairs,1665775836687
3,28.714,13.892,15.551,-2.863,0.594,5.600,Walking Upstairs,1665775836924
3,7.700,-6.072,0.129,2.442,-0.473,-4.630,Walking Upstairs,1665775837162
3,27.148,2.635,-5.867,1.112,-2.656,5.486,Walking Upstairs,1665775837403
3,14.263,8.116,15.194,-0.825,0.369,2.459,Walking Upstairs,1665775837639
3,41.947,-21.527,8.239,2.905,-0.444,-6.617,Walking Upstairs,1665775837879
3,-3.527,-16.603,-6.224,-1.455,-0.371,4.956,Walking Upstairs,1665775838115
3,19.845,5.806,4.529,-1.180,0.392,2.290,Walking Upstairs,1665775838354
3,43.247,-7.713,3.154,2.409,1.733,-5.445,Walking Upstairs,1665775838591
3,-7.067,-25.465,-2.873,0.030,0.598,1.220,Walking Upstairs,1665775838830
3,49.790,-26.090,4.067,-0.698,-1.024,8.607,Walking Upstairs,1665775839068
3,30.788,1.208,6.210,3.114,1.299,-3.425,Walking Upstairs,1665775839307
3,4.948,-28.049,-5.699,0.839,-0.613,-7.179,Walking Upstairs,1665775839545
3,22.789,-41.478,2.249,-5.384,-1.971,10.120,Walking Upstairs,1665775839783
3,6.000,0.272,-0.221,-1.986,3.716,0.493,Walking Upstairs,1665775840022
3,35.370,-8.412,3.990,-0.730,4.519,-3.424,Walking Upstairs,1665775840260
3,12.208,-17.448,-7.378,3.683,-0.668,-6.584,Walking Upstairs,1665775840498
3,-7.498,-12.268,-6.851,-2.241,-3.316,3.325,Walking Upstairs,1665775840736
3,49.426,-23.814,13.910,-5.292,-1.389,8.560,Walking Upstairs,1665775840974
3,14.358,4.889,8.521,0.204,1.161,0.913,Walking Upstairs,1665775841214
3,26.305,-21.034,-1.807,3.024,0.528,-7.181,Walking Upstairs,1665775841451
3,-14.077,-15.377,-1.549,-1.754,-0.302,1.695,Walking Upstairs,1665775841688
3,47.824,-20.476,4.008,-3.092,0.176,8.138,Walking Upstairs,1665775841928
3,23.263,2.824,4.998,1.413,1.306,-3.670,Walking Upstairs,1665775842166
3,-17.609,-33.632,-8.221,0.429,-0.246,-6.911,Walking Upstairs,1665775842405
3,51.838,-22.713,0.012,-1.210,-0.923,9.781,Walking Upstairs,1665775842643
3,31.933,-6.573,4.356,-0.092,0.165,-3.517,Walking Upstairs,1665775842881
3,-7.074,-22.248,-1.975,-0.305,1.727,-5.828,Walking Upstairs,1665775843119
3,27.572,-36.405,-4.281,-1.165,-1.679,10.414,Walking Upstairs,1665775843362
3,22.576,-4.398,-2.830,-0.244,2.785,-2.300,Walking Upstairs,1665775843597
3,-14.165,-22.155,-10.092,-0.007,1.418,-6.743,Walking Upstairs,1665775843835
3,47.070,-10.421,0.266,-1.589,0.629,6.872,Walking Upstairs,1665775844074
3,12.869,-23.781,-2.138,0.901,-0.962,-7.873,Walking Upstairs,1665775844313
3,21.460,-35.840,2.900,-3.324,-2.806,11.050,Walking Upstairs,1665775844552
3,28.522,-4.137,1.370,2.481,-2.949,-3.263,Walking Upstairs,1665775844788
3,-21.671,-38.326,-2.969,0.032,0.513,-9.013,Walking Upstairs,1665775845027
3,43.317,-20.612,1.511,-1.926,1.166,7.589,Walking Upstairs,1665775845267
3,14.260,7.454,3.942,0.006,0.066,-1.860,Walking Upstairs,1665775845506
3,14.516,-23.180,3.075,2.115,0.866,-6.237,Walking Upstairs,1665775845745
3,4.726,-3.368,0.361,5.325,1.898,3.659,Walking Upstairs,1665775845980
3,8.196,-5.885,-1.961,4.808,-1.019,1.539,Walking Upstairs,1665775846217
3,10.636,-3.430,-0.237,3.539,-0.412,1.270,Walking Upstairs,1665775846457
3,15.697,-0.135,3.384,0.588,0.689,-2.229,Walking Upstairs,1665775846698
3,0.800,-7.076,-0.319,1.509,0.196,-0.413,Walking Upstairs,1665775846932
3,25.818,-12.079,1.954,-1.684,0.780,6.690,Walking Upstairs,1665775847172
3,11.408,-2.218,-1.506,0.438,-0.439,-1.236,Walking Upstairs,1665775847409
3,10.809,-20.210,-1.525,0.067,0.596,-4.995,Walking Upstairs,1665775847648
3,4.728,-4.326,-1.259,0.264,-1.283,4.432,Walking Upstairs,1665775847885
3,17.740,-0.597,0.242,0.379,-0.015,-0.993,Walking Upstairs,1665775848124
3,8.464,-9.768,2.139,-1.202,-1.127,-1.581,Walking Upstairs,1665775848365
3,26.068,-1.799,-0.182,-1.583,1.536,5.219,Walking Upstairs,1665775848601
3,13.534,-1.641,-0.091,1.783,-0.949,-3.259,Walking Upstairs,1665775848838
3,-0.008,-0.300,1.257,2.268,2.872,-2.178,Walking Upstairs,1665775849080
3,1.109,0.208,3.832,-1.397,-0.438,0.687,Walking Upstairs,1665775849316
3,44.095,-4.225,21.107,-1.275,-8.096,6.740,Walking Upstairs,1665775849556
3,2.630,-11.657,-1.855,-1.055,-0.654,-4.496,Walking Upstairs,1665775849792
3,3.609,-5.435,-4.926,1.133,-1.613,5.537,Walking Upstairs,1665775850033
3,19.702,-5.519,5.872,0.051,1.078,-4.775,Walking Upstairs,1665775850270
4,-1.862,5.150,6.739,0.523,0.232,-0.432,Sitting,1665775856465
4,-0.796,5.224,6.162,-0.040,-0.411,0.392,Sitting,1665775856704
4,-1.455,3.157,4.080,0.370,-0.127,0.374,Sitting,1665775856941
4,1.013,2.947,12.662,0.325,0.469,0.961,Sitting,1665775857182
4,-0.595,5.093,9.762,0.389,0.810,0.284,Sitting,1665775857418
4,0.126,5.653,8.119,0.293,0.153,0.158,Sitting,1665775857657
4,0.152,7.150,12.847,0.549,-0.796,-0.131,Sitting,1665775857897
4,5.185,6.089,4.022,0.545,0.459,-0.786,Sitting,1665775858133
4,0.023,7.552,1.530,0.531,-0.093,-0.402,Sitting,1665775858371
4,-0.471,8.764,5.422,-0.204,-0.603,-0.593,Sitting,1665775858609
4,-0.959,7.957,5.465,-0.049,-0.179,-0.073,Sitting,1665775858848
4,-0.638,8.057,5.796,-0.176,-0.096,-0.051,Sitting,1665775859086
4,-0.097,7.952,6.033,-0.042,-0.108,-0.222,Sitting,1665775859324
4,0.484,8.455,8.057,-0.626,-0.191,0.022,Sitting,1665775859563
4,-0.605,7.018,6.050,-0.001,0.032,-0.020,Sitting,1665775859802
4,-0.344,7.569,6.294,0.041,0.028,0.072,Sitting,1665775860039
4,0.142,7.823,6.287,0.068,0.011,0.144,Sitting,1665775860278
4,-0.202,7.607,6.586,-0.018,0.119,0.017,Sitting,1665775860516
4,0.142,7.785,6.153,0.028,-0.026,0.027,Sitting,1665775860755
4,-0.061,7.900,6.016,0.131,0.148,0.058,Sitting,1665775860992
4,-0.475,7.643,6.478,-0.023,0.001,0.018,Sitting,1665775861234
4,-0.054,7.816,6.222,-0.001,-0.014,-0.019,Sitting,1665775861469
4,0.066,7.904,5.932,0.007,-0.049,-0.070,Sitting,1665775861707
4,0.037,7.888,5.987,0.023,-0.041,0.071,Sitting,1665775861947
4,0.095,7.854,6.229,-0.060,-0.066,0.029,Sitting,1665775862185
4,0.237,7.696,5.757,-0.004,-0.113,-0.003,Sitting,1665775862422
4,0.613,8.187,5.690,0.080,-0.009,0.044,Sitting,1665775862661
4,-0.234,7.643,6.229,-0.041,-0.005,-0.064,Sitting,1665775862900
4,0.338,7.856,5.868,0.045,-0.008,0.107,Sitting,1665775863137
4,0.331,8.076,4.653,0.285,0.086,0.095,Sitting,1665775863376
4,0.006,7.543,7.178,-0.147,0.005,0.137,Sitting,1665775863615
4,0.558,7.717,6.133,-0.132,0.073,0.015,Sitting,1665775863852
4,0.295,7.650,6.105,0.045,0.058,-0.013,Sitting,1665775864089
4,0.357,7.569,6.361,-0.008,-0.015,0.017,Sitting,1665775864328
4,0.690,7.706,6.081,0.016,0.026,-0.084,Sitting,1665775864568
4,0.486,7.677,6.356,-0.034,-0.070,-0.014,Sitting,1665775864805
4,0.171,7.739,6.093,0.027,0.064,-0.065,Sitting,1665775865043
4,0.819,7.756,6.715,0.041,0.072,-0.038,Sitting,1665775865282
4,0.810,7.780,7.005,-0.092,0.021,0.033,Sitting,1665775865521
4,0.906,7.571,6.509,0.038,-0.025,0.100,Sitting,1665775865757
4,0.217,7.052,7.204,-0.428,0.003,-0.091,Sitting,1665775866000
4,0.510,7.056,7.008,-0.125,-0.041,-0.054,Sitting,1665775866237
4,0.917,7.449,6.907,0.078,0.018,0.087,Sitting,1665775866473
4,1.068,7.238,6.768,0.067,0.012,-0.003,Sitting,1665775866712
4,1.416,7.423,6.833,0.019,0.013,-0.060,Sitting,1665775866950
4,0.335,7.136,7.032,0.024,0.077,0.089,Sitting,1665775867189
4,1.265,7.509,6.720,0.110,0.058,0.149,Sitting,1665775867427
4,0.400,7.246,6.584,0.015,0.080,0.047,Sitting,1665775867667
4,0.819,7.310,6.677,-0.336,0.016,-0.213,Sitting,1665775867903
4,0.176,7.459,5.616,-0.043,0.004,-0.173,Sitting,1665775868142
4,-0.075,6.803,7.221,-0.041,0.132,-0.064,Sitting,1665775868382
4,0.762,7.286,7.051,-0.010,-0.014,0.006,Sitting,1665775868618
4,0.894,7.100,7.633,-0.089,-0.077,0.036,Sitting,1665775868855
4,0.865,7.126,6.888,-0.077,-0.035,-0.041,Sitting,1665775869095
4,0.259,6.767,7.357,-0.054,-0.071,0.027,Sitting,1665775869332
4,0.688,6.942,7.338,-0.014,-0.029,0.016,Sitting,1665775869572
4,1.080,7.085,7.558,-0.022,-0.014,0.038,Sitting,1665775869808
4,0.467,6.824,7.376,-0.017,0.204,0.048,Sitting,1665775870047
4,0.477,6.745,7.412,-0.087,0.006,-0.023,Sitting,1665775870286
4,1.186,7.124,7.017,0.061,-0.001,0.017,Sitting,1665775870524
4,0.491,6.848,7.214,0.024,0.015,-0.039,Sitting,1665775870762
4,0.891,7.021,7.072,0.039,0.019,-0.003,Sitting,1665775871003
4,-0.116,7.904,5.425,-0.473,0.134,-0.162,Sitting,1665775871241
4,-1.453,6.455,7.036,0.298,-0.025,0.027,Walking,1665775877516
4,-1.031,6.269,6.878,0.045,0.004,-0.023,Walking,1665775877754
4,-0.095,6.072,6.790,-1.226,-3.011,2.195,Walking,1665775877991
4,-1.460,-0.386,-0.505,1.050,-1.435,0.174,Walking,1665775878232
4,25.795,-19.901,3.171,-2.842,-1.186,6.994,Walking,1665775878468
4,8.668,-1.213,1.846,-0.512,1.170,0.374,Walking,1665775878706
4,16.070,-5.033,2.850,0.640,-0.206,-1.869,Walking,1665775878945
4,9.554,-11.942,1.652,2.305,-0.657,-3.784,Walking,1665775879183
4,2.067,-3.222,-1.122,0.391,-0.080,-0.439,Walking,1665775879424
4,14.296,-14.136,3.053,-4.242,1.530,4.504,Walking,1665775879659
4,10.572,-4.784,1.300,-0.380,0.302,1.225,Walking,1665775879897
4,15.177,-3.603,2.486,0.291,0.454,-1.004,Walking,1665775880135
4,15.053,-12.903,1.755,2.813,-2.811,-3.319,Walking,1665775880373
4,1.928,-4.008,-0.711,0.113,-0.580,-1.407,Walking,1665775880611
4,6.184,-8.184,1.858,-2.178,0.334,3.357,Walking,1665775880853
4,14.655,-5.092,5.207,-2.048,1.364,2.395,Walking,1665775881088
4,13.364,-3.052,1.964,0.056,-0.013,-0.326,Walking,1665775881327
4,11.185,-10.168,3.425,2.507,-1.818,-2.772,Walking,1665775881565
4,6.280,-5.777,1.269,0.402,-0.612,-1.884,Walking,1665775881803
4,3.959,-5.160,-0.086,-0.454,1.835,0.824,Walking,1665775882043
4,15.599,-11.231,1.183,-1.212,-0.588,4.130,Walking,1665775882280
4,9.190,-4.151,1.197,0.421,-0.963,0.616,Walking,1665775882518
4,13.630,-8.158,5.429,0.911,-2.237,-1.551,Walking,1665775882758
4,10.447,-11.578,3.219,0.201,-0.063,-3.908,Walking,1665775882995
4,1.214,-5.768,1.267,0.008,0.425,-0.698,Walking,1665775883236
4,14.366,-12.036,-0.732,-0.800,1.118,5.104,Walking,1665775883472
4,9.928,-5.277,0.476,0.284,-0.043,1.220,Walking,1665775883712
4,13.405,-7.097,3.465,-0.121,-0.894,-1.028,Walking,1665775883953
4,10.222,-11.035,1.511,1.728,-2.264,-2.690,Walking,1665775884188
4,3.578,-5.598,1.463,-0.077,0.616,-1.826,Walking,1665775884427
4,8.419,-11.928,-0.950,-1.381,1.093,3.580,Walking,1665775884664
4,11.635,-6.046,1.413,0.871,0.457,1.270,Walking,1665775884902
4,10.225,-4.669,1.370,-0.527,0.111,0.292,Walking,1665775885141
4,11.338,-7.361,3.080,1.224,-1.349,-1.614,Walking,1665775885380
4,7.037,-8.223,1.396,0.980,-0.774,-2.510,Walking,1665775885618
4,0.934,-5.639,0.060,-0.591,0.721,-0.104,Walking,1665775885857
4,14.054,-13.736,2.637,-1.683,0.516,5.044,Walking,1665775886093
4,6.467,-5.483,1.626,-0.970,1.137,0.430,Walking,1665775886331
4,14.401,-6.707,3.303,0.136,0.267,-1.486,Walking,1665775886570
4,9.690,-11.470,1.705,2.106,-1.783,-3.007,Walking,1665775886808
4,3.744,-4.333,1.288,0.325,-0.026,-0.779,Walking,1665775887047
4,9.532,-12.955,1.274,-2.068,1.597,3.750,Walking,1665775887287
4,9.396,-4.810,0.972,-0.288,1.251,0.440,Walking,1665775887524
4,13.846,-4.525,4.716,0.061,-0.257,-0.142,Walking,1665775887761
4,12.981,-11.396,1.980,2.241,-2.213,-3.032,Walking,1665775888002
4,4.199,-5.670,0.594,0.911,-0.573,-1.856,Walking,1665775888240
4,4.175,-9.586,0.999,-1.420,0.912,2.611,Walking,1665775888477
4,16.691,-5.437,6.174,-1.259,0.490,2.001,Walking,1665775888719
4,10.981,-3.802,3.518,-0.671,-0.147,0.788,Walking,1665775888953
4,13.245,-8.354,2.174,2.145,-1.599,-1.625,Walking,1665775889192
4,7.473,-7.028,1.279,0.803,-1.282,-1.594,Walking,1665775889431
4,1.447,-6.747,0.764,-0.738,1.629,-0.495,Walking,1665775889669
4,17.649,-8.671,4.294,-2.367,-0.396,3.923,Walking,1665775889906
4,6.831,-5.274,1.034,-0.838,0.457,1.231,Walking,1665775890146
4,12.641,-7.476,3.250,0.641,-0.233,-1.568,Walking,1665775890386
4,8.713,-10.987,1.700,1.705,-1.969,-2.624,Walking,1665775890624
4,3.547,-4.532,0.541,0.121,0.274,-1.180,Walking,1665775890860
4,9.267,-13.856,2.828,-2.970,1.468,3.664,Walking,1665775891098
4,8.890,-5.200,0.991,-0.331,1.727,0.702,Walking,1665775891336
4,14.255,-5.375,2.984,-0.056,0.262,-0.676,Walking,1665775891577
4,11.542,-12.426,3.362,2.158,-2.192,-3.242,Walking,1665775891812
4,4.975,-5.591,1.305,0.886,-0.584,-1.644,Walking,1665775892052
4,4.352,-6.941,-0.221,-0.849,1.028,1.736,Walking,1665775892292
4,-0.348,4.762,8.737,-0.029,-0.007,-0.040,Walking Upstairs,1665775898485
4,-0.485,4.788,8.402,0.105,0.108,-0.053,Walking Upstairs,1665775898724
4,-0.054,4.633,7.125,-0.079,-0.141,0.048,Walking Upstairs,1665775898960
4,1.523,4.264,3.245,0.502,-3.510,0.645,Walking Upstairs,1665775899199
4,19.275,9.566,17.697,0.763,-0.937,-1.555,Walking Upstairs,1665775899438
4,-4.111,-8.048,-4.928,1.423,-1.448,1.099,Walking Upstairs,1665775899676
4,25.704,1.560,9.812,-2.308,-0.823,1.932,Walking Upstairs,1665775899915
4,18.241,12.318,3.379,0.804,0.225,-1.507,Walking Upstairs,1665775900155
4,3.183,-19.597,0.110,1.593,-0.441,-4.490,Walking Upstairs,1665775900391
4,23.309,-21.745,-1.395,-3.638,0.039,8.168,Walking Upstairs,1665775900629
4,8.344,12.505,4.213,0.976,-0.181,0.797,Walking Upstairs,1665775900868
4,43.386,-6.934,7.075,1.025,1.702,-5.661,Walking Upstairs,1665775901106
4,-9.553,-21.774,-3.106,1.541,-0.994,-0.019,Walking Upstairs,1665775901344
4,50.727,-32.689,2.886,-2.667,0.263,10.201,Walking Upstairs,1665775901586
4,6.261,9.475,6.339,-0.959,0.753,0.031,Walking Upstairs,1665775901820
4,33.916,-30.556,3.667,2.923,-0.054,-7.690,Walking Upstairs,1665775902061
4,-11.593,-18.442,-2.385,-1.026,-1.807,-1.962,Walking Upstairs,1665775902297
4,24.846,4.808,6.488,-2.838,-0.313,2.806,Walking Upstairs,1665775902538
4,5.727,0.227,-1.149,-1.819,0.358,0.015,Walking Upstairs,1665775902775
4,22.892,2.662,1.777,-1.895,0.399,-0.295,Walking Upstairs,1665775903012
4,3.722,-2.669,-2.255,-0.449,-0.671,-2.210,Walking Upstairs,1665775903250
4,12.169,-12.778,-0.696,-2.796,-1.725,3.721,Walking Upstairs,1665775903490
4,18.662,-5.986,4.193,-1.537,-0.304,2.339,Walking Upstairs,1665775903727
4,13.661,5.243,1.597,0.424,1.733,-0.287,Walking Upstairs,1665775903965
4,9.714,-20.885,-1.386,4.956,-0.959,-5.809,Walking Upstairs,1665775904206
4,20.097,-24.008,-1.872,-4.355,0.606,6.511,Walking Upstairs,1665775904442
4,6.577,15.964,7.946,-0.982,0.272,1.116,Walking Upstairs,1665775904680
4,42.303,-10.967,10.904,2.207,2.575,-3.931,Walking Upstairs,1665775904921
4,-14.376,-24.188,-7.735,1.061,0.395,-0.956,Walking Upstairs,1665775905157
4,35.226,-4.314,9.295,-2.225,1.100,3.172,Walking Upstairs,1665775905396
4,16.490,7.650,4.249,-0.007,0.337,-1.426,Walking Upstairs,1665775905636
4,7.291,-7.998,0.948,1.376,-0.336,-3.389,Walking Upstairs,1665775905872
4,-7.486,-10.220,-5.314,-0.012,-0.804,1.864,Walking Upstairs,1665775906111
4,23.237,-7.955,9.831,-4.515,1.397,4.254,Walking Upstairs,1665775906349
4,9.568,-4.592,4.004,-1.988,2.160,0.200,Walking Upstairs,1665775906589
4,9.262,-2.623,-2.773,-0.859,0.017,-0.235,Walking Upstairs,1665775906825
4,12.143,-3.193,-0.031,0.217,0.168,0.094,Walking Upstairs,1665775907064
4,9.769,-3.404,0.208,0.587,-0.294,-0.434,Walking Upstairs,1665775907302
4,5.760,-4.532,-1.630,-1.151,-0.326,-0.011,Walking Upstairs,1665775907539
4,6.194,-5.483,5.719,-1.814,1.808,2.120,Walking Upstairs,1665775907778
4,20.688,-3.102,0.922,1.732,-0.933,-3.980,Walking Upstairs,1665775908016
4,-16.953,-14.689,-0.517,-1.993,-1.172,0.720,Walking Upstairs,1665775908257
4,26.101,8.012,6.668,0.629,0.188,3.640,Walking Upstairs,1665775908492
4,29.052,-10.000,5.453,-1.911,0.299,-4.312,Walking Upstairs,1665775908730
4,-6.643,-7.461,-2.521,1.225,0.567,-2.049,Walking Upstairs,1665775908971
4,27.014,-21.003,2.347,-2.444,-0.629,7.452,Walking Upstairs,1665775909209
4,-0.533,6.724,2.464,-0.818,1.838,-2.670,Walking Upstairs,1665775909446
4,23.742,-34.750,6.172,4.561,0.049,-8.010,Walking Upstairs,1665775909688
4,4.836,-18.617,10.169,-0.901,2.330,4.849,Walking Upstairs,1665775909924
4,13.134,2.350,3.092,-2.436,2.909,1.971,Walking Upstairs,1665775910160
4,29.145,-15.712,5.923,1.582,-3.194,-5.321,Walking Upstairs,1665775910400
4,-1.424,-9.916,5.726,1.888,-1.088,-3.035,Walking Upstairs,1665775910641
4,8.249,-14.196,-2.859,-1.581,1.475,4.600,Walking Upstairs,1665775910877
4,14.962,-0.635,2.270,-0.121,-0.345,1.107,Walking Upstairs,1665775911114
4,14.770,-11.200,-1.544,5.546,-5.659,-1.062,Walking Upstairs,1665775911356
4,4.637,-12.345,3.604,-1.243,-1.037,-3.728,Walking Upstairs,1665775911591
4,6.048,-8.031,1.456,-1.271,3.123,2.641,Walking Upstairs,1665775911829
4,13.300,-0.786,-1.774,-0.769,0.606,1.159,Walking Upstairs,1665775912067
4,15.973,-17.278,8.368,0.850,-0.541,-5.131,Walking Upstairs,1665775912305
4,-4.382,-10.175,0.603,0.162,-0.637,-1.860,Walking Upstairs,1665775912543
4,20.947,-18.047,2.357,-2.463,-0.008,6.424,Walking Upstairs,1665775912784
4,36.088,-1.771,2.165,0.588,-1.589,-1.450,Walking Upstairs,1665775913023
4,-10.695,-18.131,-4.931,-0.522,-1.373,-2.742,Walking Upstairs,1665775913259
5,-2.118,6.726,7.125,-0.094,-0.723,-0.747,Sitting,1665775919455
5,-1.680,6.328,7.470,-0.184,0.377,-0.082,Sitting,1665775919693
5,-2.138,7.049,7.503,-0.044,-0.066,-0.135,Sitting,1665775919931
5,-2.284,6.628,6.785,-0.025,0.050,-0.164,Sitting,1665775920171
5,-3.052,6.230,6.227,-0.033,0.235,-0.358,Sitting,1665775920408
5,-3.244,6.477,6.974,0.069,-0.018,-0.030,Sitting,1665775920647
5,-2.502,6.616,5.978,0.053,0.110,0.027,Sitting,1665775920884
5,-3.431,6.340,7.252,-0.176,0.085,-0.210,Sitting,1665775921125
5,-3.658,6.460,6.117,0.025,0.127,0.066,Sitting,1665775921364
5,-2.938,6.324,6.323,-0.088,0.102,-0.168,Sitting,1665775921599
5,-3.311,6.357,6.766,-0.040,0.052,0.030,Sitting,1665775921837
5,-2.803,6.879,6.217,-0.081,-0.072,0.077,Sitting,1665775922075
5,-2.399,6.858,6.725,-0.085,-0.106,0.092,Sitting,1665775922313
5,-2.782,6.271,6.703,-0.102,-0.042,0.148,Sitting,1665775922553
5,-3.967,6.580,6.701,-0.346,0.243,0.244,Sitting,1665775922790
5,-2.997,6.118,7.010,-0.407,0.017,0.421,Sitting,1665775923030
5,-2.150,7.207,8.909,0.360,-0.270,0.179,Sitting,1665775923266
5,-0.047,4.954,8.172,0.607,-0.158,-0.074,Sitting,1665775923505
5,0.018,6.144,6.943,0.159,-0.103,0.041,Sitting,1665775923744
5,-0.313,7.291,7.000,0.206,0.185,0.317,Sitting,1665775923982
5,-1.007,6.982,6.850,-0.058,0.115,0.101,Sitting,1665775924220
5,-1.007,7.083,6.876,-0.023,0.141,-0.043,Sitting,1665775924463
5,-1.206,7.217,6.909,-0.054,0.048,-0.002,Sitting,1665775924698
5,-0.950,7.349,6.435,0.026,-0.067,-0.108,Sitting,1665775924935
5,-1.283,7.535,6.404,0.087,-0.041,-0.127,Sitting,1665775925176
5,-1.412,7.449,6.344,-0.010,-0.047,-0.064,Sitting,1665775925412
5,-1.101,7.219,6.112,-0.032,-0.155,0.045,Sitting,1665775925650
5,-0.971,7.490,6.967,0.051,-0.203,-0.110,Sitting,1665775925890
5,-1.096,7.471,6.565,0.073,-0.303,-0.166,Sitting,1665775926126
5,-1.776,7.136,6.699,0.089,-0.115,-0.179,Sitting,1665775926364
5,-1.529,7.509,6.308,0.068,-0.165,-0.135,Sitting,1665775926607
5,-1.503,7.538,6.330,0.126,-0.260,-0.252,Sitting,1665775926842
5,-1.769,7.526,5.954,0.177,-0.320,-0.287,Sitting,1665775927080
5,-2.078,7.389,5.856,0.077,-0.230,-0.289,Sitting,1665775927318
5,-2.138,7.229,6.562,-0.185,-0.038,-0.067,Sitting,1665775927557
5,-1.960,7.483,6.325,-0.319,0.025,0.129,Sitting,1665775927795
5,-2.346,6.704,6.979,-0.179,-0.091,0.042,Sitting,1665775928034
5,-2.114,7.318,6.457,0.049,-0.011,-0.017,Sitting,1665775928275
5,-1.716,7.325,6.294,0.117,-0.051,0.084,Sitting,1665775928511
5,-1.932,7.078,6.682,-0.080,-0.047,-0.101,Sitting,1665775928749
5,-1.819,7.258,6.706,-0.062,-0.066,-0.021,Sitting,1665775928986
5,-2.027,7.270,6.349,0.031,0.054,-0.021,Sitting,1665775929225
5,-2.140,6.807,6.339,-0.062,-0.042,0.052,Sitting,1665775929465
5,-1.527,7.277,6.818,-0.076,0.012,0.007,Sitting,1665775929702
5,-1.965,7.044,6.761,-0.029,-0.024,-0.003,Sitting,1665775929943
5,-1.905,7.090,6.651,-0.039,-0.017,0.034,Sitting,1665775930180
5,-1.795,7.035,6.854,0.012,0.025,0.036,Sitting,1665775930417
5,-1.972,7.040,6.632,0.062,0.036,0.026,Sitting,1665775930656
5,-1.759,7.097,6.634,-0.008,0.057,0.024,Sitting,1665775930894
5,-2.000,7.078,6.739,-0.006,0.013,0.009,Sitting,1665775931131
5,-1.948,6.946,6.555,0.012,0.031,-0.002,Sitting,1665775931371
5,-2.102,7.073,6.629,-0.002,0.027,0.009,Sitting,1665775931609
5,-1.927,6.989,6.574,0.044,0.029,0.012,Sitting,1665775931846
5,-1.970,7.179,6.418,0.042,-0.027,0.007,Sitting,1665775932084
5,-1.786,7.284,6.557,0.006,-0.055,-0.027,Sitting,1665775932323
5,-2.305,6.877,6.943,-0.004,-0.033,0.021,Sitting,1665775932561
5,-1.975,7.056,6.699,-0.064,0.044,0.013,Sitting,1665775932799
5,-1.888,7.044,6.524,-0.044,0.019,0.050,Sitting,1665775933042
5,-1.790,6.973,6.562,-0.036,-0.006,-0.003,Sitting,1665775933277
5,-1.405,7.083,6.804,0.017,-0.013,-0.017,Sitting,1665775933514
5,-1.699,6.786,7.635,0.050,0.054,0.026,Sitting,1665775933753
5,-1.881,7.006,6.744,-0.051,0.011,0.001,Sitting,1665775933992
5,-2.339,6.738,7.288,-0.055,-0.078,-0.154,Sitting,1665775934229
5,-2.521,6.170,7.324,-0.075,-0.028,0.005,Walking,1665775940505
5,-1.160,6.407,7.453,0.110,0.079,0.066,Walking,1665775940742
5,-3.254,5.560,7.240,-0.095,0.166,0.101,Walking,1665775940981
5,-2.976,4.958,10.270,0.570,0.505,1.823,Walking,1665775941234
5,3.236,-0.822,-1.977,0.691,-3.086,3.648,Walking,1665775941470
5,22.030,-16.529,1.454,-0.802,-2.601,6.705,Walking,1665775941708
5,16.641,-3.660,2.498,-0.799,1.651,1.525,Walking,1665775941948
5,16.379,-9.195,2.392,2.046,-2.370,-3.875,Walking,1665775942184
5,7.042,-12.072,0.529,-1.353,0.224,-3.840,Walking,1665775942426
5,1.176,-6.965,-1.647,-1.047,-0.369,2.487,Walking,1665775942662
5,14.334,-11.248,2.994,-1.891,0.320,4.046,Walking,1665775942898
5,14.227,-5.069,3.032,-0.819,1.528,0.709,Walking,1665775943136
5,13.328,-11.288,2.701,2.075,-2.218,-3.405,Walking,1665775943376
5,6.895,-10.232,1.147,0.336,-0.852,-3.422,Walking,1665775943612
5,1.164,-7.099,-0.766,-1.091,0.488,1.812,Walking,1665775943851
5,12.845,-11.025,3.365,-0.870,0.984,3.730,Walking,1665775944092
5,14.579,-5.191,2.095,-1.265,1.777,1.067,Walking,1665775944328
5,12.200,-9.552,3.015,1.791,-1.376,-2.945,Walking,1665775944566
5,8.941,-11.351,1.173,-0.028,-1.222,-3.282,Walking,1665775944805
5,-0.301,-6.882,0.275,-0.764,1.497,0.891,Walking,1665775945045
5,11.204,-12.076,1.705,-1.696,0.453,4.161,Walking,1665775945282
5,14.322,-4.982,0.254,-0.325,1.628,1.253,Walking,1665775945520
5,13.053,-9.037,2.610,1.813,-0.708,-2.823,Walking,1665775945760
5,8.610,-12.761,2.438,0.921,-1.009,-4.231,Walking,1665775945997
5,0.066,-5.399,-0.878,-0.735,0.890,1.407,Walking,1665775946235
5,13.408,-9.392,3.451,-1.058,0.713,3.301,Walking,1665775946476
5,13.563,-5.516,1.490,-0.645,0.823,0.989,Walking,1665775946712
5,11.954,-6.671,1.466,1.064,-0.568,-2.226,Walking,1665775946953
5,7.317,-9.609,3.506,1.253,-0.849,-2.716,Walking,1665775947189
5,3.586,-6.355,-0.134,-0.302,0.745,0.656,Walking,1665775947431
5,10.095,-10.179,0.821,-1.204,0.508,3.532,Walking,1665775947666
5,14.763,-4.772,1.288,-0.086,0.596,1.062,Walking,1665775947904
5,14.037,-8.395,1.806,1.387,-2.032,-3.471,Walking,1665775948144
5,10.031,-15.022,4.141,1.406,6.384,-4.116,Walking,1665775948382
5,1.854,-1.184,-0.948,-0.257,0.847,-0.099,Walking,1665775948620
5,7.420,-12.086,5.516,-3.982,-4.568,2.279,Walking,1665775948855
5,16.921,-6.206,9.369,-0.438,0.517,1.448,Walking,1665775949093
5,14.595,-6.297,4.299,1.408,-1.241,-2.388,Walking,1665775949332
5,9.384,-11.353,1.724,1.186,-1.746,-3.355,Walking,1665775949570
5,1.226,-6.894,0.532,-0.470,0.555,1.340,Walking,1665775949810
5,11.420,-9.566,2.852,-0.428,0.375,3.660,Walking,1665775950047
5,16.216,-3.960,2.792,-0.360,1.119,0.912,Walking,1665775950284
5,12.481,-9.370,3.331,1.607,-1.384,-2.848,Walking,1665775950523
5,8.828,-9.854,1.319,0.167,-1.433,-3.090,Walking,1665775950764
5,2.084,-6.807,-0.357,-0.847,0.732,0.942,Walking,1665775951001
5,10.210,-10.158,2.572,-1.299,0.927,3.715,Walking,1665775951239
5,14.655,-6.098,-0.034,0.020,1.044,1.374,Walking,1665775951479
5,11.491,-9.612,2.050,1.091,-1.218,-2.954,Walking,1665775951715
5,8.835,-10.690,1.640,0.517,-1.663,-3.205,Walking,1665775951955
5,2.122,-5.215,0.833,-1.131,0.737,1.175,Walking,1665775952192
5,8.213,-10.110,2.888,-2.226,1.586,4.189,Walking,1665775952430
5,12.018,-6.151,2.359,-1.255,2.332,1.181,Walking,1665775952668
5,13.180,-4.645,1.557,-0.419,2.809,-2.235,Walking,1665775952907
5,10.742,-10.824,-1.429,1.690,-0.579,-3.349,Walking,1665775953147
5,1.404,-5.478,0.184,-0.556,-0.248,0.161,Walking,1665775953384
5,12.033,-10.297,2.910,-1.051,0.236,3.234,Walking,1665775953623
5,9.238,-7.076,0.515,-1.431,1.784,1.338,Walking,1665775953860
5,14.413,-6.977,1.339,-0.033,0.685,-1.165,Walking,1665775954097
5,10.886,-11.676,2.527,1.763,-1.886,-2.781,Walking,1665775954336
5,3.241,-5.780,-0.029,-0.053,0.224,-1.738,Walking,1665775954577
5,12.576,-3.440,5.844,-2.398,2.981,-0.210,Walking,1665775954813
5,4.369,-2.065,8.085,-0.808,1.925,-0.280,Walking,1665775955051
5,5.272,-1.014,12.456,-0.089,0.023,0.018,Walking,1665775955289
5,0.075,5.869,8.948,-0.192,0.284,0.311,Walking Upstairs,1665775961514
5,-0.998,5.550,7.836,-0.125,0.315,0.116,Walking Upstairs,1665775961752
5,-4.789,3.914,6.977,-0.217,0.402,0.234,Walking Upstairs,1665775961991
5,0.661,-0.077,8.471,0.475,-2.005,4.109,Walking Upstairs,1665775962230
5,12.909,6.446,13.117,2.720,1.801,0.768,Walking Upstairs,1665775962467
5,1.636,-0.647,-1.544,2.110,-0.827,0.541,Walking Upstairs,1665775962705
5,20.897,-18.016,1.430,-4.137,1.297,5.669,Walking Upstairs,1665775962944
5,11.429,3.756,17.400,-2.797,0.298,0.578,Walking Upstairs,1665775963183
5,25.241,-12.052,12.775,4.516,0.505,-1.846,Walking Upstairs,1665775963419
5,-22.090,-26.837,1.602,1.230,-0.861,-3.391,Walking Upstairs,1665775963659
5,33.959,-8.390,7.295,-2.710,1.292,5.425,Walking Upstairs,1665775963896
5,7.137,11.779,3.293,0.564,0.101,-1.019,Walking Upstairs,1665775964135
5,30.036,-33.861,8.356,4.058,-1.070,-7.140,Walking Upstairs,1665775964373
5,18.710,-38.960,-7.170,-1.547,-0.128,8.520,Walking Upstairs,1665775964613
5,8.225,21.261,17.586,-0.449,0.347,1.373,Walking Upstairs,1665775964850
5,59.516,-29.512,-1.589,2.815,0.116,-6.185,Walking Upstairs,1665775965088
5,-26.481,-33.236,2.756,-1.447,0.738,-2.151,Walking Upstairs,1665775965327
5,57.541,-59.479,22.503,-5.192,0.460,12.649,Walking Upstairs,1665775965567
5,9.887,0.501,18.195,-4.975,4.063,1.714,Walking Upstairs,1665775965802
5,36.151,-33.888,-0.158,3.959,3.472,-5.005,Walking Upstairs,1665775966041
5,-1.819,-17.199,0.184,2.924,-4.662,-5.327,Walking Upstairs,1665775966280
5,9.451,-15.350,-1.915,-2.249,-0.686,5.930,Walking Upstairs,1665775966518
5,39.995,-14.728,11.292,-5.829,2.605,9.383,Walking Upstairs,1665775966758
5,17.963,-6.400,2.036,2.026,1.514,-2.611,Walking Upstairs,1665775966995
5,-15.257,-20.033,-3.994,-0.718,-1.151,-4.044,Walking Upstairs,1665775967237
5,26.314,-23.395,-11.517,-1.481,0.464,6.300,Walking Upstairs,1665775967471
5,-2.415,0.959,1.674,0.018,1.764,1.608,Walking Upstairs,1665775967713
5,19.383,-6.647,4.768,0.881,1.675,-3.180,Walking Upstairs,1665775967948
5,22.331,-36.070,1.293,3.670,-1.668,-8.319,Walking Upstairs,1665775968187
5,2.848,-29.543,-0.569,-1.908,-0.617,6.018,Walking Upstairs,1665775968424
5,14.916,-3.725,5.872,-0.631,0.495,1.639,Walking Upstairs,1665775968664
5,25.248,-6.750,-0.478,1.566,2.213,-1.158,Walking Upstairs,1665775968901
5,-2.315,-13.698,-12.801,2.205,0.191,-4.216,Walking Upstairs,1665775969139
5,9.810,-12.632,-0.861,-5.755,-0.547,0.919,Walking Upstairs,1665775969379
5,9.108,-1.790,4.512,-4.169,0.015,-0.293,Walking Upstairs,1665775969617
5,13.130,-6.613,5.640,-1.070,-1.380,0.861,Walking Upstairs,1665775969854
5,8.134,-6.223,-0.268,0.573,0.010,0.435,Walking Upstairs,1665775970093
5,4.156,7.837,1.739,-1.490,-0.141,0.256,Walking Upstairs,1665775970334
5,5.413,-12.381,2.445,1.998,-0.077,-4.294,Walking Upstairs,1665775970572
5,7.384,-13.801,0.122,-1.847,0.296,5.591,Walking Upstairs,1665775970807
5,23.309,3.469,-0.146,0.204,0.802,-1.762,Walking Upstairs,1665775971048
5,-22.821,-22.066,-4.667,1.352,-1.575,-6.245,Walking Upstairs,1665775971287
5,31.143,-4.168,-8.540,-0.045,1.688,7.468,Walking Upstairs,1665775971522
5,12.133,-9.657,3.149,-1.109,1.516,-5.506,Walking Upstairs,1665775971764
5,-0.554,-5.291,-11.119,0.677,8.314,-2.543,Walking Upstairs,1665775971999
5,-11.418,4.405,16.228,-0.402,1.828,2.526,Walking Upstairs,1665775972240
5,2.853,-0.166,5.516,0.438,0.528,1.738,Walking Upstairs,1665775972475
5,6.572,-9.492,-16.810,1.161,-5.421,2.491,Walking Upstairs,1665775972715
5,19.168,-5.310,7.245,-2.647,-0.838,4.559,Walking Upstairs,1665775972952
5,13.410,-3.294,4.261,0.035,-0.013,-1.320,Walking Upstairs,1665775973190
5,24.087,-30.288,8.675,3.024,-3.833,-7.074,Walking Upstairs,1665775973429
5,-4.973,-7.698,2.572,0.115,0.996,-2.095,Walking Upstairs,1665775973667
5,19.821,-20.152,2.589,-1.477,-0.306,5.152,Walking Upstairs,1665775973906
5,9.415,6.848,6.663,-0.226,0.537,-0.285,Walking Upstairs,1665775974146
5,-4.655,-20.301,-5.165,1.187,0.226,-5.756,Walking Upstairs,1665775974384
5,13.647,8.637,15.817,-2.572,0.427,3.870,Walking Upstairs,1665775974621
5,11.003,-25.357,-5.151,3.464,-1.223,-8.557,Walking Upstairs,1665775974858
5,12.447,-5.864,-2.638,0.069,-0.943,7.819,Walking Upstairs,1665775975099
5,14.904,2.104,-0.770,1.012,-0.383,-2.530,Walking Upstairs,1665775975337
5,5.018,-5.806,2.687,0.362,0.930,-4.080,Walking Upstairs,1665775975574
5,2.023,-12.951,-2.061,-1.064,0.632,4.132,Walking Upstairs,1665775975812
5,17.893,4.614,0.462,-1.541,1.222,1.222,Walking Upstairs,1665775976050
5,1.157,6.597,-0.749,0.161,-0.431,0.874,Walking Upstairs,1665775976289
