iteration_number,window_number,acc_x_vals,acc_y_vals,acc_z_vals,gyro_x_vals,gyro_y_vals,gyro_z_vals,activity_name
1,1,"[-0.645, -0.229, -0.243, -0.2, -0.241, -0.365, -0.519, 0.154, -0.473]","[4.858, 4.796, 4.872, 4.762, 4.87, 4.769, 4.63, 4.877, 4.872]","[8.246, 8.703, 8.751, 8.787, 8.734, 8.72, 8.562, 9.19, 8.648]","[0.029, 0.084, 0.027, -0.017, 0.01, -0.014, -0.042, 0.006, 0.334]","[-0.071, -0.006, 0.013, 0.015, 0.053, 0.056, -0.011, -0.098, -0.101]","[0.1, 0.004, 0.047, 0.028, -0.014, -0.05, -0.027, -0.332, -0.22]",Sitting
1,2,"[-0.722, -1.067, -1.472, -2.413, -1.951, -2.799, -2.815, -2.109, -1.742]","[5.093, 5.083, 5.457, 4.851, 4.563, 4.592, 4.503, 4.295, 4.563]","[7.482, 8.418, 7.434, 9.134, 8.255, 8.363, 8.469, 8.667, 8.864]","[0.162, 0.024, -0.107, 0.14, 0.201, -0.076, -0.099, -0.041, 0.025]","[-0.366, -0.079, 0.034, 0.055, 0.016, -0.152, -0.288, -0.147, 0.016]","[-0.482, -0.378, -0.086, 0.032, -0.328, -0.253, -0.118, 0.008, 0.043]",Sitting
1,3,"[-1.685, -1.692, -0.758, -1.455, -1.35, 1.073, -2.727, -3.191, 4.256]","[4.877, 4.13, 3.251, 3.699, 2.029, 2.398, 3.507, 2.072, 3.081]","[8.186, 8.461, 7.966, 9.738, 11.24, 10.169, 8.593, 15.239, 9.822]","[-0.049, 0.031, -0.482, 0.166, 0.592, -0.159, -0.889, 0.677, -0.705]","[-0.139, 0.455, 0.605, -0.041, 0.03, 2.706, 1.608, -3.103, 2.501]","[0.201, 0.555, 0.455, 1.734, 3.244, 2.972, 1.605, 1.401, 0.764]",Sitting
1,4,"[-2.042, -0.471, 6.445, 0.324, 1.741, 5.887, 14.528, 10.998, 5.269]","[2.288, 3.442, 3.881, 0.098, 1.016, -1.459, 2.123, -6.934, -6.932]","[7.712, 6.098, 7.182, 10.138, 10.71, 3.041, -3.244, -0.77, -0.619]","[-0.538, 0.633, 0.343, 0.033, 5.239, 2.518, 0.19, 0.437, 0.351]","[0.682, -5.834, 0.449, 2.661, -11.472, -7.278, 0.659, -0.27, 0.184]","[0.804, -0.387, 0.326, 0.584, 0.266, 2.505, 1.254, 0.558, 0.521]",Sitting
1,5,"[7.521, 8.287, 7.818, 8.208, 8.294, 8.44, 8.316, 8.416, 8.397]","[-7.006, -6.098, -6.599, -5.777, -5.816, -5.615, -5.531, -5.488, -5.09]","[-1.127, -0.122, -0.28, -0.552, -0.871, -0.802, -1.031, -1.252, -0.897]","[-0.085, -0.15, -0.037, -0.031, -0.046, 0.042, -0.044, -0.165, -0.051]","[-0.328, -0.031, -0.148, -0.043, -0.022, -0.083, -0.079, -0.058, -0.231]","[-0.175, -0.075, -0.27, -0.13, -0.058, -0.021, -0.051, -0.079, -0.128]",Sitting
1,6,"[8.366, 8.562, 9.168, 8.495, 9.276, 9.516, 6.22, 4.709, 3.746]","[-5.536, -5.167, -3.306, -4.331, -3.766, -2.707, -1.84, -1.43, 0.726]","[-1.942, -0.979, -1.724, 0.227, 1.37, 2.953, 6.098, 9.357, 11.527]","[-0.368, -0.055, -0.376, -0.747, -0.349, -0.457, 0.991, 0.76, 0.498]","[0.278, 0.167, 0.652, 1.193, 0.633, 2.328, 1.306, 0.787, 0.532]","[0.051, 0.051, -0.314, -0.277, -0.023, -0.394, -0.676, -0.266, 0.135]",Sitting
1,7,"[3.016, 1.255, -1.134, -1.862, -1.218, -0.564, 0.381, -1.529, -0.198]","[3.811, 3.847, 4.755, 5.742, 6.192, 5.471, 4.831, 5.016, 6.266]","[9.973, 9.712, 7.276, 7.82, 8.679, 8.121, 7.367, 8.667, 7.314]","[0.358, 0.668, 0.338, 0.132, -0.083, -0.075, 0.022, 0.087, -0.079]","[0.72, 0.291, 0.229, 0.164, 0.015, 0.333, -0.169, -0.142, 0.006]","[-0.283, -0.427, -0.263, 0.075, -0.003, 0.397, 0.105, 0.079, 0.041]",Sitting
1,1,"[-3.124, -2.7, -2.487, -2.473, 5.411, 14.679, 5.149, 17.92, 11.7]","[6.285, 6.704, 6.542, 2.827, 6.082, 1.067, -5.172, -6.015, -2.221]","[6.732, 7.472, 5.942, 6.323, 8.073, 7.8, 0.088, -1.69, 0.385]","[-0.041, -0.085, 0.062, -1.44, -1.431, 1.548, 0.68, -0.496, 1.201]","[-0.074, 0.072, 0.222, 0.688, -3.645, -2.129, -0.948, -0.146, -0.101]","[0.024, 0.151, 0.818, 0.809, 2.084, 1.039, 0.285, 3.988, -0.552]",Walking
1,2,"[11.125, 7.978, 5.751, 10.895, 13.479, 10.076, 12.56, 5.993, 4.67]","[-4.839, -5.492, -4.532, -7.135, -3.033, -3.912, -8.445, -3.557, -6.412]","[-0.201, 0.673, 0.819, -2.375, 2.895, 0.529, 1.14, 0.929, -0.943]","[1.385, 0.315, -0.35, -1.064, -1.492, 1.167, 0.854, 0.395, -0.927]","[-1.637, -0.33, 0.243, 1.381, 0.85, -0.578, -0.814, -0.162, 0.722]","[-1.754, -1.459, 1.343, 2.449, 1.185, -0.884, -2.312, -0.509, 1.412]",Walking
1,3,"[13.204, 13.221, 13.963, 5.983, 2.03, 15.688, 11.52, 12.993, 8.416]","[-9.344, -1.217, -9.619, -7.255, -5.571, -9.94, -3.392, -8.776, -10.206]","[3.509, 1.296, 1.008, 1.202, -0.01, 2.776, 0.167, 0.247, 0.237]","[-3.128, 0.398, 1.544, 0.338, -0.388, -1.744, -0.753, 1.052, 1.133]","[2.262, -0.908, -1.552, 0.118, 0.455, 0.281, 0.134, -0.332, -0.075]","[1.832, 0.217, -2.617, -2.288, 1.006, 3.721, 1.112, -1.434, -3.348]",Walking
1,4,"[1.864, 17.345, 9.513, 13.889, 11.879, 3.346, 3.99, 8.819, 10.098]","[-4.894, -11.149, -3.37, -5.936, -8.704, -1.739, -0.571, -0.602, -2.23]","[0.155, 3.168, 1.034, 2.459, 2.448, 2.651, 8.284, 10.313, 12.6]","[-0.278, -0.745, -0.404, -0.057, 0.423, 0.953, -1.594, -1.914, 1.738]","[0.303, -1.102, 0.323, 0.489, 3.012, 1.97, -0.707, -2.075, 0.548]","[-0.269, 4.456, 1.235, -2.131, -2.96, -0.849, 0.241, 0.88, -0.799]",Walking
1,5,"[3.832, 8.723, 13.781, 15.29, 7.3, 0.498, 4.294, 13.228, 6.869]","[-3.332, -10.448, -4.168, -6.812, -10.905, -4.178, -7.171, -3.066, -8.697]","[2.845, 7.834, 3.056, 4.383, 2.74, 2.361, 2.237, 9.168, 6.426]","[1.649, -3.831, -1.033, 1.216, 2.032, -0.711, -3.551, 0.112, 3.354]","[-0.053, -1.504, -0.73, -0.801, 1.396, 0.927, -0.596, 0.531, 1.912]","[0.138, 0.839, 2.231, -1.512, -3.133, -0.985, 1.304, 0.288, -2.682]",Walking
1,6,"[2.697, 4.615, 16.54, 13.12, 4.682, 2.98, 11.429, 14.83, 8.433]","[-5.121, -4.496, -4.592, -7.789, -7.897, -3.768, -6.867, -2.348, -10.402]","[3.858, 4.843, 12.598, 10.428, 2.747, 6.72, 11.532, 10.926, 9.791]","[0.207, -2.225, -1.76, 1.864, 1.928, -1.709, -2.393, 1.156, 2.335]","[0.779, -1.129, -0.556, -2.22, 2.575, -0.765, -3.135, -1.268, 2.664]","[-0.885, 1.987, 2.038, -2.74, -2.151, 0.423, 3.05, -0.901, -2.934]",Walking
1,7,"[3.885, 2.493, 21.242, 9.942, 0.702, 11.762, 15.522, 8.56, 1.528]","[-3.835, -2.535, -1.28, -6.146, -9.142, -6.575, -3.323, -11.918, -8.393]","[2.783, 4.862, 11.458, 4.962, 1.578, 2.792, 6.09, 9.93, -0.957]","[-0.584, -2.157, -0.185, 2.094, -2.211, -1.199, 0.395, 3.037, 0.92]","[-0.08, -2.259, -2.016, -1.145, 0.731, -1.004, -1.0, 1.546, -0.596]","[-1.306, 0.875, 2.088, -2.593, -0.635, 3.116, -0.781, -3.413, -0.048]",Walking
1,1,"[-1.105, -1.005, -1.016, -0.497, -1.512, 1.861, 7.006, 14.303, 1.14]","[5.172, 5.061, 5.349, 5.739, 4.566, 5.634, 1.304, 4.57, -1.064]","[9.611, 7.537, 8.433, 8.332, 5.504, 13.654, 4.201, 30.812, 0.941]","[0.146, 0.065, -0.23, -0.077, -0.236, -0.726, -1.106, -1.829, 2.329]","[-0.14, 0.009, 0.225, 0.107, -0.085, -2.413, -0.648, -2.235, 0.639]","[0.039, -0.146, 0.099, 0.162, 0.139, 0.778, 0.226, 0.705, -0.252]",Walking Upstairs
1,2,"[-0.341, -5.486, 51.285, 10.292, 69.427, 47.335, 32.881, 8.153, 30.688]","[5.794, -23.486, 6.371, -55.92, -4.635, -57.246, -25.975, -9.377, -25.979]","[0.582, 4.943, 5.247, 4.845, 17.069, 13.074, -5.014, -1.513, 17.378]","[-1.35, -2.106, 0.732, 3.427, -1.848, 6.05, -1.902, 0.846, 5.452]","[-1.166, -0.042, -1.958, -3.38, 0.298, -3.395, 1.008, 1.497, -4.517]","[1.547, 1.028, 4.812, -9.895, 8.563, -10.066, 11.611, -3.281, -2.905]",Walking Upstairs
1,3,"[-0.835, 16.236, 17.448, 33.123, -8.036, 23.445, 16.007, 29.708, 24.101]","[-8.798, -10.39, 4.254, -18.054, -7.042, -34.875, 20.128, -41.437, -44.519]","[-0.684, -0.271, -3.975, 1.662, -1.206, -5.956, 15.927, 4.249, 0.726]","[4.394, 0.469, 0.496, 1.394, 0.893, -3.465, -1.377, 1.645, -2.272]","[1.1, -0.37, -0.742, 0.847, 0.333, 0.682, -0.82, -1.334, 0.093]","[-2.913, 5.132, 0.713, -6.385, -2.31, 9.085, 0.487, -9.092, 11.037]",Walking Upstairs
1,4,"[26.08, -37.869, 36.404, 30.656, 3.36, 44.38, -14.69, 54.496, 12.864]","[11.459, -41.298, 9.71, -47.058, -36.654, 8.393, -40.453, -41.921, 11.585]","[1.42, -6.128, -17.009, 0.706, -3.561, 8.394, 6.586, -13.141, 2.088]","[-0.692, -1.257, 3.292, 2.735, -2.297, -0.018, -0.861, 1.509, -0.872]","[0.72, 1.245, -2.58, -2.17, -0.225, -1.823, -0.481, -0.669, 0.866]","[-2.964, -7.263, 4.376, -9.917, 8.254, -0.311, -7.356, 10.482, -1.404]",Walking Upstairs
1,5,"[40.941, -1.163, -0.176, -0.926, -1.984, 43.822, 14.825, -13.195, 74.239]","[-66.858, -0.501, 4.556, 3.028, -2.951, -4.247, 16.857, -50.868, -48.689]","[-11.174, -2.878, 16.894, 5.671, 0.979, -4.107, 13.223, -3.424, 2.653]","[5.32, -1.542, -1.418, 0.517, 2.26, 1.505, 3.447, 1.5, 0.503]","[5.091, 2.611, -0.27, 0.438, -4.086, -4.375, -2.143, -0.505, 0.001]","[-11.338, 0.615, 0.457, 0.983, 3.184, 3.548, 0.66, -9.69, 12.655]",Walking Upstairs
1,6,"[26.623, -32.054, 21.055, 1.67, -0.978, -0.372, -0.337, -6.482, 11.283]","[-5.55, -26.755, 3.773, 0.633, 3.409, 4.803, 4.604, -9.832, -18.933]","[7.997, 3.494, 23.476, 5.35, 7.664, 7.717, 8.687, -7.156, 1.796]","[2.041, -0.842, -1.498, 1.256, 0.029, 0.132, 0.115, -0.046, 3.599]","[-1.789, 1.68, 7.182, 1.565, 0.58, 0.158, 0.199, -7.511, 3.864]","[-5.233, -3.922, -0.538, 0.376, 0.24, 0.436, 0.292, 4.616, -6.067]",Walking Upstairs
1,7,"[45.941, -16.275, 19.326, 17.046, -1.398, 63.619, -27.367, 51.613, -3.814]","[29.488, -21.716, -1.656, -14.023, -23.716, 19.094, -27.833, 5.588, -1.162]","[34.749, -16.618, 21.476, 14.645, 1.375, 11.711, -0.302, 23.478, -0.945]","[-0.282, -0.514, 3.037, -4.524, 3.981, -1.837, 0.759, -0.625, 1.009]","[-0.582, -0.748, 3.351, -4.755, -2.75, 1.36, -3.977, 2.799, -0.133]","[2.926, 2.935, -4.994, 7.44, -5.6, 5.152, -4.161, -0.202, -0.0]",Walking Upstairs
2,1,"[-1.199, 0.75, -0.454, 1.653, 2.125, -0.878, 3.605, 4.941, 2.807]","[4.137, 5.114, 6.709, 3.905, 4.803, 5.143, 6.661, 5.797, 7.739]","[8.174, 6.533, 6.447, 9.97, 8.282, 9.872, 11.206, 8.797, 6.986]","[0.292, 0.701, 0.214, 0.151, -0.488, 0.059, -0.214, 0.522, 0.728]","[-0.29, -0.271, -0.268, -0.028, 0.018, 0.296, -0.798, -0.261, -0.039]","[0.12, 0.167, 0.023, 0.293, 0.102, 0.239, 0.308, -0.212, -0.285]",Sitting
2,2,"[-3.266, -1.814, -1.268, 3.722, 0.594, 0.922, -0.552, 0.343, 0.004]","[6.862, 8.18, 8.146, 7.751, 4.266, 4.151, 5.706, 5.761, 5.653]","[3.626, 2.673, 6.699, 6.658, 14.703, 8.452, 8.033, 8.248, 7.817]","[-0.229, 0.306, -0.471, -1.014, -1.133, -0.321, 0.537, -0.48, 0.131]","[0.273, 0.997, -0.347, -0.394, -0.337, -0.777, 0.215, -0.342, -0.03]","[-0.812, -0.874, 0.001, -0.312, 0.897, 0.009, -0.054, 0.38, -0.038]",Sitting
2,3,"[0.256, 0.087, 0.266, 0.162, 0.295, 0.395, 0.328, 0.283, 0.628]","[5.646, 5.892, 5.763, 5.964, 5.797, 5.773, 5.684, 5.897, 5.694]","[7.829, 8.22, 7.908, 8.442, 7.884, 8.33, 8.361, 8.445, 7.834]","[0.042, 0.004, 0.029, -0.112, 0.052, -0.007, -0.005, -0.04, -0.055]","[0.074, -0.001, 0.012, -0.213, 0.104, 0.016, 0.053, -0.135, -0.077]","[-0.083, -0.053, -0.009, 0.055, -0.042, -0.019, -0.038, 0.031, -0.069]",Sitting
2,4,"[0.623, 0.443, 0.68, 0.063, -5.392, -2.037, -1.091, -2.372, -2.542]","[5.801, 5.78, 5.876, 6.194, 1.696, 4.209, 6.106, 4.963, 6.024]","[7.367, 7.98, 8.078, 9.18, 8.464, 6.682, 5.796, 8.78, 8.56]","[0.086, 0.017, -0.003, 0.047, -0.755, 0.663, 0.113, -0.044, -0.316]","[0.071, 0.02, -0.024, -0.14, 0.556, 0.946, 0.443, 0.303, 0.283]","[-0.043, -0.023, 0.015, 0.007, -2.594, -0.174, 0.197, -0.066, -0.281]",Sitting
2,5,"[-0.679, -1.445, -1.608, -2.051, -1.733, -1.644, -1.524, -2.324, -2.03]","[6.386, 6.292, 6.319, 6.46, 6.043, 6.592, 6.491, 5.857, 5.907]","[7.848, 8.073, 7.539, 8.852, 7.058, 7.182, 7.238, 7.65, 7.645]","[-0.151, -0.096, -0.019, 0.076, 0.036, 0.012, -0.067, -0.184, 0.043]","[-0.139, 0.029, 0.02, -0.022, 0.232, 0.03, -0.035, 0.109, -0.208]","[0.114, -0.066, 0.109, 0.221, -0.047, 0.03, -0.085, -0.219, -0.043]",Sitting
2,6,"[-1.512, -2.049, -1.563, -1.342, -1.524, -1.855, -1.481, -2.054, -1.489]","[6.206, 5.785, 6.463, 5.718, 5.452, 5.964, 6.065, 5.43, 5.684]","[7.745, 7.252, 7.745, 7.901, 7.956, 7.638, 7.448, 8.619, 7.954]","[0.142, -0.181, -0.177, -0.013, 0.023, -0.016, -0.022, -0.095, 0.032]","[-0.171, 0.065, 0.056, 0.099, -0.027, -0.064, 0.266, -0.072, -0.103]","[0.238, -0.001, -0.114, 0.05, -0.003, 0.043, 0.268, -0.081, 0.024]",Sitting
2,7,"[-1.898, -1.383, -1.465, -1.424, -1.328, -1.184, -0.959, -1.199, -1.033]","[5.526, 5.761, 5.653, 5.619, 5.706, 5.615, 5.933, 5.596, 5.643]","[8.119, 7.829, 7.958, 7.987, 8.149, 8.16, 8.081, 7.841, 7.954]","[-0.016, 0.04, -0.027, -0.017, -0.008, -0.005, 0.023, 0.016, 0.015]","[-0.062, 0.015, -0.023, -0.029, -0.024, -0.055, -0.073, -0.06, -0.061]","[-0.007, 0.028, 0.014, 0.004, 0.008, -0.005, 0.034, 0.027, 0.02]",Sitting
2,1,"[-1.771, -1.867, -3.627, -1.237, -0.713, 16.392, 13.185, 18.693, 14.672]","[6.649, 6.839, 5.275, 8.024, 4.204, -11.2, -6.891, -2.381, -12.613]","[6.62, 7.101, 5.216, 9.326, 4.481, -1.379, 1.786, 3.154, 2.498]","[-0.043, -0.14, -0.166, -0.674, 0.86, 0.086, -1.564, -0.376, 2.748]","[-0.359, 0.047, -0.099, -0.159, -0.261, -4.361, -0.651, 0.133, -1.466]","[0.12, 0.068, 0.368, 0.43, 0.6, 4.029, 4.078, 1.201, -3.344]",Walking
2,2,"[3.435, 10.557, 17.913, 14.734, 10.462, 0.166, 13.851, 15.719, 13.958]","[-5.519, -11.252, -5.37, -7.298, -13.422, -6.486, -13.355, -4.649, -12.227]","[0.452, 0.601, 6.804, 2.402, 1.387, 0.304, 3.046, -0.029, 3.856]","[0.959, -1.614, -2.636, 0.457, 2.307, -0.273, -2.019, -0.764, 0.289]","[-1.067, 1.954, 0.001, -0.956, -2.604, 0.743, 0.264, 0.109, 0.446]","[-2.741, 2.136, 4.685, -0.638, -4.368, -2.276, 5.145, 2.937, -3.204]",Walking
2,3,"[4.769, 5.094, 14.354, 15.479, 12.732, 0.159, 13.863, 13.93, 13.336]","[-8.865, -10.989, -8.807, -4.664, -13.473, -6.767, -12.141, -4.594, -8.948]","[-0.34, 0.448, 1.513, 1.327, 2.069, -0.146, -0.216, 1.157, 3.006]","[1.962, -1.161, -2.088, -0.086, 1.798, -0.51, -2.001, -0.591, 0.233]","[-2.426, 0.91, -0.025, 0.903, -2.136, 0.262, 0.371, -0.127, -1.035]","[-5.191, 1.084, 4.492, 0.888, -3.185, -3.381, 4.507, 3.315, -1.098]",Walking
2,4,"[8.605, 0.98, 15.448, 11.657, 14.004, 5.928, 2.625, 13.652, 13.17]","[-10.11, -7.21, -9.497, -4.01, -8.489, -10.68, -8.352, -9.619, -5.212]","[1.128, 0.737, 0.079, -0.022, 2.057, 3.077, 0.323, 1.636, 0.694]","[1.784, -1.036, -0.999, -0.163, 2.404, 0.838, -0.078, -1.674, 0.088]","[-2.488, 1.653, -0.05, -0.061, -5.269, -1.891, 0.733, 0.431, 0.046]","[-3.046, -2.181, 4.401, 1.399, -1.174, -4.095, -0.538, 4.077, 1.123]",Walking
2,5,"[10.38, 6.268, 5.545, 13.237, 14.342, 11.168, 0.592, 8.668, 11.269]","[-10.675, -9.085, -8.553, -7.111, -4.664, -11.913, -6.616, -6.891, -11.427]","[3.104, 1.643, 0.014, 0.898, 2.713, 2.613, -0.787, -0.285, 2.067]","[0.278, 0.935, -0.861, -0.935, 0.122, 0.818, 0.951, -4.096, -1.377]","[-0.128, -2.004, 1.494, 0.2, 0.18, -1.326, -0.328, 3.601, -0.979]","[-2.859, -3.201, 0.649, 3.831, 0.73, -3.381, -2.861, 0.94, 3.529]",Walking
2,6,"[13.427, 11.211, -0.904, 16.681, 15.012, 16.511, 7.659, 2.11, 1.792]","[-5.938, -13.271, -6.776, -12.424, -3.881, -12.23, -9.962, 2.767, 6.69]","[2.464, 1.394, -1.74, 3.954, -0.711, 4.524, 3.451, 0.299, 10.401]","[0.543, 2.257, 0.757, -1.849, 0.904, 0.144, 1.489, 1.378, -1.822]","[1.649, -3.229, 0.419, 0.141, 0.195, -0.492, 7.203, 0.626, -1.186]","[-1.481, -3.83, -2.294, 4.951, 1.372, -3.029, -4.859, -0.513, -0.435]",Walking
2,7,"[-0.056, 1.971, 8.45, 13.812, 11.372, 15.862, 1.919, 3.602, 16.801]","[5.191, 1.256, -12.39, -5.473, -3.454, -15.722, -7.811, -11.296, -9.38]","[12.77, 5.25, -0.907, 6.953, 0.39, 3.964, 1.439, 0.591, 3.722]","[0.017, 0.272, -0.458, -2.68, 0.17, 0.458, 2.049, -1.058, -3.208]","[-0.075, -0.329, -4.163, -1.385, -0.812, 0.611, -1.531, 1.092, 0.516]","[-0.567, 0.67, 2.286, 4.532, 0.688, -3.186, -3.776, 0.831, 5.352]",Walking
2,1,"[-0.686, -0.935, -0.981, -2.921, 0.195, 21.644, 1.658, 8.047, 16.162]","[6.527, 6.204, 6.922, 5.984, 4.341, -1.641, 13.092, -8.172, -1.474]","[7.535, 7.515, 6.476, 3.755, 3.125, 19.548, 9.151, 3.736, 2.919]","[-0.039, -0.138, -0.114, -0.56, 0.224, -2.641, -0.644, 3.633, -4.703]","[0.046, -0.009, -0.038, -0.854, -0.747, -3.743, 1.085, 0.496, -1.573]","[0.027, -0.017, 0.014, 0.242, 1.091, 1.423, -0.133, -0.662, -0.135]",Walking Upstairs
2,2,"[-0.31, 15.364, 9.578, 1.425, 27.172, 0.709, 5.31, 12.507, 5.746]","[6.858, -6.405, -8.793, 9.03, -4.824, -11.834, 2.626, 4.333, -6.424]","[2.579, 9.132, -7.179, 9.843, 8.196, -5.299, 5.027, 1.104, -4.408]","[0.735, 5.473, -3.518, -1.078, 4.209, -1.288, -1.988, -0.954, 2.311]","[0.461, 0.905, -1.482, 0.082, 1.736, -0.283, 0.765, 0.226, 0.786]","[0.392, -0.809, 3.159, 1.691, -3.447, 3.031, 0.179, 0.728, -3.145]",Walking Upstairs
2,3,"[21.45, 10.577, 15.515, 18.703, -3.907, 33.095, -1.438, 34.009, -11.461]","[-17.927, -2.451, 0.595, -15.669, -7.717, -22.523, 9.135, -16.306, -28.813]","[1.267, 2.184, 5.98, -2.32, 0.053, 10.825, 2.9, 4.474, -0.727]","[-5.644, -1.518, -2.577, 4.814, 0.208, -4.747, -0.742, 2.916, -2.88]","[-2.355, 0.629, 2.141, 0.583, -0.821, -0.08, 1.653, 1.424, 0.311]","[3.645, 2.023, 1.794, -5.317, 1.507, 5.122, -1.429, -4.212, 3.32]",Walking Upstairs
2,4,"[14.641, 38.474, -12.415, 19.072, -3.206, 16.167, -2.839, 28.463, 9.24]","[4.427, -4.182, -22.396, -0.427, 4.388, -13.832, -8.611, -3.2, -2.175]","[6.612, 9.269, -6.605, 9.427, 2.828, -0.158, -2.277, 2.548, 2.797]","[-2.094, 3.72, 1.303, -3.047, -2.313, 1.026, -1.944, -3.735, -2.776]","[1.693, 1.097, 0.675, 1.186, 0.839, 0.107, -2.356, -2.17, 1.185]","[1.544, -3.916, -0.794, 0.835, -0.867, -4.57, -1.66, 3.685, 0.397]",Walking Upstairs
2,5,"[19.556, 4.56, 1.032, -1.115, -0.346, -1.553, -0.578, -1.352, 5.791]","[4.312, -5.713, -2.515, 0.966, -0.367, 7.854, 1.134, 2.379, 0.913]","[4.464, -4.938, 8.069, 4.89, 16.746, 6.052, 8.897, 5.722, 6.1]","[-1.51, 0.042, 0.229, -0.453, -0.99, 1.591, -0.076, 1.415, 0.021]","[1.763, 3.761, 2.851, -0.115, -0.026, 0.51, 1.247, 1.703, -0.471]","[0.917, -2.973, -1.749, -0.312, 1.443, -0.36, 0.004, 1.143, 0.297]",Walking Upstairs
2,6,"[-3.634, 2.113, -3.433, 0.061, -7.287, -14.024, -0.631, -3.881, -2.243]","[3.878, 2.595, 4.278, -0.396, 3.306, 5.03, 2.072, 3.109, 7.464]","[13.568, 3.94, 14.035, 2.225, 23.38, 33.022, 1.149, 7.796, 13.534]","[1.027, -1.524, -0.325, -1.55, -1.469, -0.17, 0.135, -0.959, -0.121]","[0.27, 0.298, -0.064, 0.604, 0.334, 2.705, -0.125, 0.005, 0.491]","[-0.43, 0.372, 0.055, 1.848, 0.779, 0.677, 0.952, 0.785, 0.972]",Walking Upstairs
2,7,"[-2.42, -0.547, 0.429, 0.066, -3.833, -2.32, -0.351, -3.299, -1.982]","[3.529, 3.639, 5.356, 4.427, 5.861, 1.33, 5.687, 2.882, 4.427]","[8.442, 6.483, 8.488, 8.461, 11.357, 6.296, 7.848, 5.882, 7.896]","[1.547, -0.072, -0.804, -0.674, -0.56, 0.485, -0.896, 0.705, 0.226]","[0.003, -0.155, 1.373, 0.926, 1.327, 0.347, 0.037, -0.411, -0.829]","[0.595, 1.278, 1.212, 1.093, 0.445, 0.572, 1.103, 0.075, -0.201]",Walking Upstairs
3,1,"[-2.444, 0.008, -1.062, -2.154, -1.534, -0.571, -0.562, -0.892, -1.663]","[4.211, 4.18, 5.167, 5.967, 5.924, 6.338, 6.793, 7.373, 6.958]","[7.923, 9.934, 7.851, 8.945, 7.69, 7.987, 6.756, 6.929, 7.939]","[-0.392, 0.23, 0.205, 0.465, 0.303, 0.033, 0.127, -0.117, 0.319]","[-0.327, -0.5, -0.255, -0.18, 0.136, 0.09, 0.187, 0.051, 0.502]","[0.144, -0.721, -0.441, -0.092, 0.604, 0.367, 0.056, 0.048, 0.374]",Sitting
3,2,"[0.963, -1.352, -0.863, -1.362, -1.637, -1.594, -2.648, -0.811, -1.891]","[6.678, 6.839, 7.219, 7.054, 6.724, 7.413, 6.017, 7.231, 4.063]","[6.61, 6.742, 6.809, 6.953, 5.722, 6.457, 7.379, 7.602, 9.297]","[-0.143, -0.209, -0.038, -0.109, -0.239, -0.58, -0.233, -0.084, -0.351]","[0.993, -0.025, -0.012, -0.005, 0.025, -0.399, 0.387, 0.043, 0.833]","[0.049, 0.16, -0.017, -0.007, 0.21, -0.072, 0.566, 0.741, 0.448]",Sitting
3,3,"[-0.018, -1.987, -3.038, -2.188, -0.332, -0.351, -0.868, -2.609, -1.697]","[4.997, 4.805, 3.569, 3.311, 3.732, 4.75, 5.433, 5.327, 4.812]","[7.81, 5.808, 10.533, 9.312, 9.858, 9.853, 9.4, 9.815, 10.782]","[-0.233, -0.465, -0.58, -0.154, 0.014, 0.023, -0.165, 0.405, -0.248]","[0.259, 0.901, 0.755, 0.688, 0.388, 0.71, 0.512, 0.546, 0.207]","[0.992, 1.358, 1.135, 0.99, 0.691, 0.448, 0.333, 0.404, 0.903]",Sitting
3,4,"[-2.779, -1.232, 0.09, 0.422, 3.703, -0.028, -1.34, -0.765, -0.722]","[5.212, 8.086, 7.6, 5.413, 6.846, 4.963, 5.766, 5.619, 5.622]","[5.47, 6.636, 6.363, 4.548, 12.88, 8.916, 6.73, 7.86, 8.021]","[-0.065, 0.047, 0.204, -0.745, -0.745, -0.465, -0.003, -0.019, 0.055]","[0.555, 0.063, -0.002, 0.303, 0.231, -0.25, -0.031, -0.009, 0.059]","[0.727, 0.091, 0.413, 0.293, -0.044, 0.141, -0.096, -0.013, 0.038]",Sitting
3,5,"[-0.521, -0.689, -0.796, -0.744, -0.753, -0.732, -0.837, -0.818, -0.897]","[5.481, 5.564, 5.567, 5.516, 5.552, 5.562, 5.564, 5.586, 5.653]","[8.301, 8.234, 8.21, 8.258, 8.229, 8.21, 8.078, 8.198, 8.181]","[0.002, -0.011, 0.017, 0.014, -0.002, -0.01, 0.001, 0.002, 0.017]","[0.02, 0.022, 0.015, 0.004, -0.011, -0.005, -0.003, 0.0, 0.021]","[0.014, -0.017, -0.013, -0.018, -0.009, -0.014, -0.004, -0.007, -0.013]",Sitting
3,6,"[-0.887, -0.899, -0.832, -0.861, -0.971, -0.77, -0.974, -0.902, -1.021]","[5.619, 5.574, 5.526, 5.533, 5.579, 5.548, 5.629, 5.548, 5.636]","[8.093, 8.161, 8.205, 8.163, 8.332, 8.37, 8.156, 8.311, 8.014]","[-0.009, 0.003, 0.016, 0.024, 0.018, 0.011, 0.002, -0.024, -0.002]","[0.014, 0.005, -0.011, -0.013, -0.002, 0.004, -0.02, 0.009, 0.014]","[-0.009, -0.007, -0.019, -0.026, 0.002, -0.009, -0.002, 0.007, 0.01]",Sitting
3,7,"[-0.866, -1.053, -0.976, -1.065, -0.823, -2.698, -0.327, -0.317, -0.976]","[5.598, 5.603, 5.581, 5.718, 5.636, 6.68, 4.901, 5.636, 5.44]","[8.14, 8.258, 8.296, 7.997, 7.92, 6.66, 8.066, 8.163, 8.334]","[-0.038, 0.005, -0.015, 0.005, 0.025, -0.02, -0.084, -0.018, -0.087]","[-0.013, 0.004, -0.009, 0.005, 0.013, 0.104, -0.169, 0.038, 0.072]","[0.007, -0.016, -0.002, -0.01, -0.015, 0.016, 0.312, -0.082, -0.008]",Sitting
3,1,"[-1.28, -1.582, -4.197, -3.239, 5.092, 26.063, 13.084, 19.29, 5.451]","[7.844, 7.703, 4.527, 6.91, -6.333, -8.565, -2.683, -13.343, -9.298]","[5.52, 6.198, 3.365, 3.109, -0.823, 3.008, 0.757, 2.931, 0.306]","[-0.04, -0.067, 0.356, 0.045, 1.628, -2.891, -0.183, 0.303, 2.825]","[0.136, 0.022, -0.126, 0.479, -2.48, -0.403, 0.772, 1.204, -2.515]","[-0.007, -0.049, 0.118, 1.115, 3.615, 6.139, 1.515, -2.093, -4.69]",Walking
3,2,"[-0.686, 22.159, 13.163, 17.51, 4.62, 1.674, 15.97, 13.319, 15.532]","[-7.49, -9.485, -2.13, -14.907, -7.574, -6.786, -13.008, -3.339, -12.282]","[-2.054, 3.827, 3.985, 3.564, -0.497, -0.497, 2.965, 3.717, 4.102]","[-1.227, -4.165, -2.092, 1.717, 3.599, -0.869, -3.024, -0.593, 1.124]","[1.188, -1.032, 2.039, 1.857, -1.825, 0.023, -0.017, 1.546, 0.248]","[-1.059, 5.642, 2.391, -1.733, -4.23, -1.025, 5.348, 1.789, -2.086]",Walking
3,3,"[7.894, 1.389, 17.146, 11.609, 13.58, 9.556, 3.432, 9.856, 11.606]","[-9.715, -6.575, -13.738, -5.332, -9.518, -9.147, -6.062, -9.437, -10.594]","[0.874, -0.785, 4.124, 2.539, 2.483, 0.498, 3.221, -1.817, -3.082]","[2.374, -0.362, -2.143, -0.992, 0.33, 2.904, -1.317, -0.261, -0.132]","[-3.06, 0.42, 1.215, 1.546, 1.036, -4.083, 0.464, 1.27, 0.689]","[-3.929, -1.428, 5.044, 1.967, -1.273, -3.407, -2.374, 2.584, 5.146]",Walking
3,4,"[8.704, 9.93, 3.174, 10.591, 11.005, 13.908, 10.962, 4.51, 6.529]","[-7.538, -13.832, -8.453, -10.891, -9.102, -5.612, -12.136, -7.035, -8.378]","[-1.575, 3.422, 2.804, 2.783, 1.401, 1.676, 3.683, 1.142, 1.188]","[-0.033, 0.17, -0.673, -0.995, -0.572, 0.233, 0.042, 0.618, -0.667]","[1.459, -3.731, -0.397, 1.948, 0.539, 1.037, -1.124, -0.975, 0.925]","[-0.157, -2.675, -3.795, 2.888, 3.481, 0.875, -2.726, -3.49, 1.04]",Walking
3,5,"[11.662, 13.024, 11.884, 6.069, 3.219, 11.453, 12.984, 11.681, 7.367]","[-8.733, -5.234, -12.352, -8.323, -8.366, -9.226, -5.172, -10.539, -9.466]","[1.846, -1.637, 3.298, 0.778, -0.271, 2.733, 2.1, 2.955, 1.959]","[-1.551, 0.587, 0.196, 1.039, -0.614, -1.681, -0.537, 0.396, 1.363]","[-0.303, -0.21, 0.033, -2.277, 1.174, 0.163, 1.357, 0.131, -2.144]","[4.111, 2.198, -2.273, -3.573, -0.728, 4.288, 1.998, -2.125, -3.197]",Walking
3,6,"[2.335, 11.113, 12.861, 13.853, 8.088, 5.794, 4.673, 3.456, 4.021]","[-6.862, -10.117, -6.161, -9.43, -11.662, -3.658, 2.518, 2.204, 1.462]","[-0.096, 3.609, 0.57, 1.937, 2.11, -1.501, 11.755, 6.799, 12.198]","[-0.663, -1.973, -0.341, 0.769, 1.581, -0.167, -0.816, 0.204, -0.42]","[1.332, 1.059, 0.716, 0.032, -2.639, 0.499, 1.652, 0.002, 0.226]","[-1.515, 4.146, 2.385, -1.256, -3.933, -2.122, -2.256, -0.646, -1.009]",Walking
3,7,"[2.745, 12.418, 9.135, 9.805, 13.841, 3.432, 4.534, 13.199, 7.367]","[-3.476, -23.206, -5.016, -5.155, -12.136, -5.327, -8.12, -8.963, -5.207]","[-1.269, 6.184, -1.201, 4.33, 3.101, -0.012, -0.44, 12.66, 6.138]","[1.234, -3.129, 0.606, -1.167, 1.238, 2.381, -0.299, -4.495, -1.391]","[-3.273, 0.049, -0.054, 0.649, 1.286, -0.297, 0.588, 0.532, 0.58]","[0.175, 2.925, 2.828, -1.178, -3.132, -1.5, 0.5, 1.949, 0.348]",Walking
3,1,"[31.557, 9.434, -0.269, 0.159, -0.02, 5.336, 28.714, 7.7, 27.148]","[10.999, -14.809, 9.36, 2.86, 4.678, -3.291, 13.892, -6.072, 2.635]","[11.659, -2.291, 7.731, 2.433, 7.245, -1.187, 15.551, 0.129, -5.867]","[0.734, 2.85, -1.0, -0.552, 0.952, 2.304, -2.863, 2.442, 1.112]","[1.202, -0.272, -0.163, -1.079, -0.992, -0.772, 0.594, -0.473, -2.656]","[-0.677, -6.108, -0.215, 0.63, 0.046, -3.368, 5.6, -4.63, 5.486]",Walking Upstairs
3,2,"[14.263, 41.947, -3.527, 19.845, 43.247, -7.067, 49.79, 30.788, 4.948]","[8.116, -21.527, -16.603, 5.806, -7.713, -25.465, -26.09, 1.208, -28.049]","[15.194, 8.239, -6.224, 4.529, 3.154, -2.873, 4.067, 6.21, -5.699]","[-0.825, 2.905, -1.455, -1.18, 2.409, 0.03, -0.698, 3.114, 0.839]","[0.369, -0.444, -0.371, 0.392, 1.733, 0.598, -1.024, 1.299, -0.613]","[2.459, -6.617, 4.956, 2.29, -5.445, 1.22, 8.607, -3.425, -7.179]",Walking Upstairs
3,3,"[22.789, 6.0, 35.37, 12.208, -7.498, 49.426, 14.358, 26.305, -14.077]","[-41.478, 0.272, -8.412, -17.448, -12.268, -23.814, 4.889, -21.034, -15.377]","[2.249, -0.221, 3.99, -7.378, -6.851, 13.91, 8.521, -1.807, -1.549]","[-5.384, -1.986, -0.73, 3.683, -2.241, -5.292, 0.204, 3.024, -1.754]","[-1.971, 3.716, 4.519, -0.668, -3.316, -1.389, 1.161, 0.528, -0.302]","[10.12, 0.493, -3.424, -6.584, 3.325, 8.56, 0.913, -7.181, 1.695]",Walking Upstairs
3,4,"[47.824, 23.263, -17.609, 51.838, 31.933, -7.074, 27.572, 22.576, -14.165]","[-20.476, 2.824, -33.632, -22.713, -6.573, -22.248, -36.405, -4.398, -22.155]","[4.008, 4.998, -8.221, 0.012, 4.356, -1.975, -4.281, -2.83, -10.092]","[-3.092, 1.413, 0.429, -1.21, -0.092, -0.305, -1.165, -0.244, -0.007]","[0.176, 1.306, -0.246, -0.923, 0.165, 1.727, -1.679, 2.785, 1.418]","[8.138, -3.67, -6.911, 9.781, -3.517, -5.828, 10.414, -2.3, -6.743]",Walking Upstairs
3,5,"[47.07, 12.869, 21.46, 28.522, -21.671, 43.317, 14.26, 14.516, 4.726]","[-10.421, -23.781, -35.84, -4.137, -38.326, -20.612, 7.454, -23.18, -3.368]","[0.266, -2.138, 2.9, 1.37, -2.969, 1.511, 3.942, 3.075, 0.361]","[-1.589, 0.901, -3.324, 2.481, 0.032, -1.926, 0.006, 2.115, 5.325]","[0.629, -0.962, -2.806, -2.949, 0.513, 1.166, 0.066, 0.866, 1.898]","[6.872, -7.873, 11.05, -3.263, -9.013, 7.589, -1.86, -6.237, 3.659]",Walking Upstairs
3,6,"[8.196, 10.636, 15.697, 0.8, 25.818, 11.408, 10.809, 4.728, 17.74]","[-5.885, -3.43, -0.135, -7.076, -12.079, -2.218, -20.21, -4.326, -0.597]","[-1.961, -0.237, 3.384, -0.319, 1.954, -1.506, -1.525, -1.259, 0.242]","[4.808, 3.539, 0.588, 1.509, -1.684, 0.438, 0.067, 0.264, 0.379]","[-1.019, -0.412, 0.689, 0.196, 0.78, -0.439, 0.596, -1.283, -0.015]","[1.539, 1.27, -2.229, -0.413, 6.69, -1.236, -4.995, 4.432, -0.993]",Walking Upstairs
3,7,"[8.464, 26.068, 13.534, -0.008, 1.109, 44.095, 2.63, 3.609, 19.702]","[-9.768, -1.799, -1.641, -0.3, 0.208, -4.225, -11.657, -5.435, -5.519]","[2.139, -0.182, -0.091, 1.257, 3.832, 21.107, -1.855, -4.926, 5.872]","[-1.202, -1.583, 1.783, 2.268, -1.397, -1.275, -1.055, 1.133, 0.051]","[-1.127, 1.536, -0.949, 2.872, -0.438, -8.096, -0.654, -1.613, 1.078]","[-1.581, 5.219, -3.259, -2.178, 0.687, 6.74, -4.496, 5.537, -4.775]",Walking Upstairs
4,1,"[-1.862, -0.796, -1.455, 1.013, -0.595, 0.126, 0.152, 5.185, 0.023]","[5.15, 5.224, 3.157, 2.947, 5.093, 5.653, 7.15, 6.089, 7.552]","[6.739, 6.162, 4.08, 12.662, 9.762, 8.119, 12.847, 4.022, 1.53]","[0.523, -0.04, 0.37, 0.325, 0.389, 0.293, 0.549, 0.545, 0.531]","[0.232, -0.411, -0.127, 0.469, 0.81, 0.153, -0.796, 0.459, -0.093]","[-0.432, 0.392, 0.374, 0.961, 0.284, 0.158, -0.131, -0.786, -0.402]",Sitting
4,2,"[-0.471, -0.959, -0.638, -0.097, 0.484, -0.605, -0.344, 0.142, -0.202]","[8.764, 7.957, 8.057, 7.952, 8.455, 7.018, 7.569, 7.823, 7.607]","[5.422, 5.465, 5.796, 6.033, 8.057, 6.05, 6.294, 6.287, 6.586]","[-0.204, -0.049, -0.176, -0.042, -0.626, -0.001, 0.041, 0.068, -0.018]","[-0.603, -0.179, -0.096, -0.108, -0.191, 0.032, 0.028, 0.011, 0.119]","[-0.593, -0.073, -0.051, -0.222, 0.022, -0.02, 0.072, 0.144, 0.017]",Sitting
4,3,"[0.142, -0.061, -0.475, -0.054, 0.066, 0.037, 0.095, 0.237, 0.613]","[7.785, 7.9, 7.643, 7.816, 7.904, 7.888, 7.854, 7.696, 8.187]","[6.153, 6.016, 6.478, 6.222, 5.932, 5.987, 6.229, 5.757, 5.69]","[0.028, 0.131, -0.023, -0.001, 0.007, 0.023, -0.06, -0.004, 0.08]","[-0.026, 0.148, 0.001, -0.014, -0.049, -0.041, -0.066, -0.113, -0.009]","[0.027, 0.058, 0.018, -0.019, -0.07, 0.071, 0.029, -0.003, 0.044]",Sitting
4,4,"[-0.234, 0.338, 0.331, 0.006, 0.558, 0.295, 0.357, 0.69, 0.486]","[7.643, 7.856, 8.076, 7.543, 7.717, 7.65, 7.569, 7.706, 7.677]","[6.229, 5.868, 4.653, 7.178, 6.133, 6.105, 6.361, 6.081, 6.356]","[-0.041, 0.045, 0.285, -0.147, -0.132, 0.045, -0.008, 0.016, -0.034]","[-0.005, -0.008, 0.086, 0.005, 0.073, 0.058, -0.015, 0.026, -0.07]","[-0.064, 0.107, 0.095, 0.137, 0.015, -0.013, 0.017, -0.084, -0.014]",Sitting
4,5,"[0.171, 0.819, 0.81, 0.906, 0.217, 0.51, 0.917, 1.068, 1.416]","[7.739, 7.756, 7.78, 7.571, 7.052, 7.056, 7.449, 7.238, 7.423]","[6.093, 6.715, 7.005, 6.509, 7.204, 7.008, 6.907, 6.768, 6.833]","[0.027, 0.041, -0.092, 0.038, -0.428, -0.125, 0.078, 0.067, 0.019]","[0.064, 0.072, 0.021, -0.025, 0.003, -0.041, 0.018, 0.012, 0.013]","[-0.065, -0.038, 0.033, 0.1, -0.091, -0.054, 0.087, -0.003, -0.06]",Sitting
4,6,"[0.335, 1.265, 0.4, 0.819, 0.176, -0.075, 0.762, 0.894, 0.865]","[7.136, 7.509, 7.246, 7.31, 7.459, 6.803, 7.286, 7.1, 7.126]","[7.032, 6.72, 6.584, 6.677, 5.616, 7.221, 7.051, 7.633, 6.888]","[0.024, 0.11, 0.015, -0.336, -0.043, -0.041, -0.01, -0.089, -0.077]","[0.077, 0.058, 0.08, 0.016, 0.004, 0.132, -0.014, -0.077, -0.035]","[0.089, 0.149, 0.047, -0.213, -0.173, -0.064, 0.006, 0.036, -0.041]",Sitting
4,7,"[0.259, 0.688, 1.08, 0.467, 0.477, 1.186, 0.491, 0.891, -0.116]","[6.767, 6.942, 7.085, 6.824, 6.745, 7.124, 6.848, 7.021, 7.904]","[7.357, 7.338, 7.558, 7.376, 7.412, 7.017, 7.214, 7.072, 5.425]","[-0.054, -0.014, -0.022, -0.017, -0.087, 0.061, 0.024, 0.039, -0.473]","[-0.071, -0.029, -0.014, 0.204, 0.006, -0.001, 0.015, 0.019, 0.134]","[0.027, 0.016, 0.038, 0.048, -0.023, 0.017, -0.039, -0.003, -0.162]",Sitting
4,1,"[-1.453, -1.031, -0.095, -1.46, 25.795, 8.668, 16.07, 9.554, 2.067]","[6.455, 6.269, 6.072, -0.386, -19.901, -1.213, -5.033, -11.942, -3.222]","[7.036, 6.878, 6.79, -0.505, 3.171, 1.846, 2.85, 1.652, -1.122]","[0.298, 0.045, -1.226, 1.05, -2.842, -0.512, 0.64, 2.305, 0.391]","[-0.025, 0.004, -3.011, -1.435, -1.186, 1.17, -0.206, -0.657, -0.08]","[0.027, -0.023, 2.195, 0.174, 6.994, 0.374, -1.869, -3.784, -0.439]",Walking
4,2,"[14.296, 10.572, 15.177, 15.053, 1.928, 6.184, 14.655, 13.364, 11.185]","[-14.136, -4.784, -3.603, -12.903, -4.008, -8.184, -5.092, -3.052, -10.168]","[3.053, 1.3, 2.486, 1.755, -0.711, 1.858, 5.207, 1.964, 3.425]","[-4.242, -0.38, 0.291, 2.813, 0.113, -2.178, -2.048, 0.056, 2.507]","[1.53, 0.302, 0.454, -2.811, -0.58, 0.334, 1.364, -0.013, -1.818]","[4.504, 1.225, -1.004, -3.319, -1.407, 3.357, 2.395, -0.326, -2.772]",Walking
4,3,"[6.28, 3.959, 15.599, 9.19, 13.63, 10.447, 1.214, 14.366, 9.928]","[-5.777, -5.16, -11.231, -4.151, -8.158, -11.578, -5.768, -12.036, -5.277]","[1.269, -0.086, 1.183, 1.197, 5.429, 3.219, 1.267, -0.732, 0.476]","[0.402, -0.454, -1.212, 0.421, 0.911, 0.201, 0.008, -0.8, 0.284]","[-0.612, 1.835, -0.588, -0.963, -2.237, -0.063, 0.425, 1.118, -0.043]","[-1.884, 0.824, 4.13, 0.616, -1.551, -3.908, -0.698, 5.104, 1.22]",Walking
4,4,"[13.405, 10.222, 3.578, 8.419, 11.635, 10.225, 11.338, 7.037, 0.934]","[-7.097, -11.035, -5.598, -11.928, -6.046, -4.669, -7.361, -8.223, -5.639]","[3.465, 1.511, 1.463, -0.95, 1.413, 1.37, 3.08, 1.396, 0.06]","[-0.121, 1.728, -0.077, -1.381, 0.871, -0.527, 1.224, 0.98, -0.591]","[-0.894, -2.264, 0.616, 1.093, 0.457, 0.111, -1.349, -0.774, 0.721]","[-1.028, -2.69, -1.826, 3.58, 1.27, 0.292, -1.614, -2.51, -0.104]",Walking
4,5,"[14.054, 6.467, 14.401, 9.69, 3.744, 9.532, 9.396, 13.846, 12.981]","[-13.736, -5.483, -6.707, -11.47, -4.333, -12.955, -4.81, -4.525, -11.396]","[2.637, 1.626, 3.303, 1.705, 1.288, 1.274, 0.972, 4.716, 1.98]","[-1.683, -0.97, 0.136, 2.106, 0.325, -2.068, -0.288, 0.061, 2.241]","[0.516, 1.137, 0.267, -1.783, -0.026, 1.597, 1.251, -0.257, -2.213]","[5.044, 0.43, -1.486, -3.007, -0.779, 3.75, 0.44, -0.142, -3.032]",Walking
4,6,"[4.199, 4.175, 16.691, 10.981, 13.245, 7.473, 1.447, 17.649, 6.831]","[-5.67, -9.586, -5.437, -3.802, -8.354, -7.028, -6.747, -8.671, -5.274]","[0.594, 0.999, 6.174, 3.518, 2.174, 1.279, 0.764, 4.294, 1.034]","[0.911, -1.42, -1.259, -0.671, 2.145, 0.803, -0.738, -2.367, -0.838]","[-0.573, 0.912, 0.49, -0.147, -1.599, -1.282, 1.629, -0.396, 0.457]","[-1.856, 2.611, 2.001, 0.788, -1.625, -1.594, -0.495, 3.923, 1.231]",Walking
4,7,"[12.641, 8.713, 3.547, 9.267, 8.89, 14.255, 11.542, 4.975, 4.352]","[-7.476, -10.987, -4.532, -13.856, -5.2, -5.375, -12.426, -5.591, -6.941]","[3.25, 1.7, 0.541, 2.828, 0.991, 2.984, 3.362, 1.305, -0.221]","[0.641, 1.705, 0.121, -2.97, -0.331, -0.056, 2.158, 0.886, -0.849]","[-0.233, -1.969, 0.274, 1.468, 1.727, 0.262, -2.192, -0.584, 1.028]","[-1.568, -2.624, -1.18, 3.664, 0.702, -0.676, -3.242, -1.644, 1.736]",Walking
4,1,"[-0.348, -0.485, -0.054, 1.523, 19.275, -4.111, 25.704, 18.241, 3.183]","[4.762, 4.788, 4.633, 4.264, 9.566, -8.048, 1.56, 12.318, -19.597]","[8.737, 8.402, 7.125, 3.245, 17.697, -4.928, 9.812, 3.379, 0.11]","[-0.029, 0.105, -0.079, 0.502, 0.763, 1.423, -2.308, 0.804, 1.593]","[-0.007, 0.108, -0.141, -3.51, -0.937, -1.448, -0.823, 0.225, -0.441]","[-0.04, -0.053, 0.048, 0.645, -1.555, 1.099, 1.932, -1.507, -4.49]",Walking Upstairs
4,2,"[23.309, 8.344, 43.386, -9.553, 50.727, 6.261, 33.916, -11.593, 24.846]","[-21.745, 12.505, -6.934, -21.774, -32.689, 9.475, -30.556, -18.442, 4.808]","[-1.395, 4.213, 7.075, -3.106, 2.886, 6.339, 3.667, -2.385, 6.488]","[-3.638, 0.976, 1.025, 1.541, -2.667, -0.959, 2.923, -1.026, -2.838]","[0.039, -0.181, 1.702, -0.994, 0.263, 0.753, -0.054, -1.807, -0.313]","[8.168, 0.797, -5.661, -0.019, 10.201, 0.031, -7.69, -1.962, 2.806]",Walking Upstairs
4,3,"[5.727, 22.892, 3.722, 12.169, 18.662, 13.661, 9.714, 20.097, 6.577]","[0.227, 2.662, -2.669, -12.778, -5.986, 5.243, -20.885, -24.008, 15.964]","[-1.149, 1.777, -2.255, -0.696, 4.193, 1.597, -1.386, -1.872, 7.946]","[-1.819, -1.895, -0.449, -2.796, -1.537, 0.424, 4.956, -4.355, -0.982]","[0.358, 0.399, -0.671, -1.725, -0.304, 1.733, -0.959, 0.606, 0.272]","[0.015, -0.295, -2.21, 3.721, 2.339, -0.287, -5.809, 6.511, 1.116]",Walking Upstairs
4,4,"[42.303, -14.376, 35.226, 16.49, 7.291, -7.486, 23.237, 9.568, 9.262]","[-10.967, -24.188, -4.314, 7.65, -7.998, -10.22, -7.955, -4.592, -2.623]","[10.904, -7.735, 9.295, 4.249, 0.948, -5.314, 9.831, 4.004, -2.773]","[2.207, 1.061, -2.225, -0.007, 1.376, -0.012, -4.515, -1.988, -0.859]","[2.575, 0.395, 1.1, 0.337, -0.336, -0.804, 1.397, 2.16, 0.017]","[-3.931, -0.956, 3.172, -1.426, -3.389, 1.864, 4.254, 0.2, -0.235]",Walking Upstairs
4,5,"[12.143, 9.769, 5.76, 6.194, 20.688, -16.953, 26.101, 29.052, -6.643]","[-3.193, -3.404, -4.532, -5.483, -3.102, -14.689, 8.012, -10.0, -7.461]","[-0.031, 0.208, -1.63, 5.719, 0.922, -0.517, 6.668, 5.453, -2.521]","[0.217, 0.587, -1.151, -1.814, 1.732, -1.993, 0.629, -1.911, 1.225]","[0.168, -0.294, -0.326, 1.808, -0.933, -1.172, 0.188, 0.299, 0.567]","[0.094, -0.434, -0.011, 2.12, -3.98, 0.72, 3.64, -4.312, -2.049]",Walking Upstairs
4,6,"[27.014, -0.533, 23.742, 4.836, 13.134, 29.145, -1.424, 8.249, 14.962]","[-21.003, 6.724, -34.75, -18.617, 2.35, -15.712, -9.916, -14.196, -0.635]","[2.347, 2.464, 6.172, 10.169, 3.092, 5.923, 5.726, -2.859, 2.27]","[-2.444, -0.818, 4.561, -0.901, -2.436, 1.582, 1.888, -1.581, -0.121]","[-0.629, 1.838, 0.049, 2.33, 2.909, -3.194, -1.088, 1.475, -0.345]","[7.452, -2.67, -8.01, 4.849, 1.971, -5.321, -3.035, 4.6, 1.107]",Walking Upstairs
4,7,"[14.77, 4.637, 6.048, 13.3, 15.973, -4.382, 20.947, 36.088, -10.695]","[-11.2, -12.345, -8.031, -0.786, -17.278, -10.175, -18.047, -1.771, -18.131]","[-1.544, 3.604, 1.456, -1.774, 8.368, 0.603, 2.357, 2.165, -4.931]","[5.546, -1.243, -1.271, -0.769, 0.85, 0.162, -2.463, 0.588, -0.522]","[-5.659, -1.037, 3.123, 0.606, -0.541, -0.637, -0.008, -1.589, -1.373]","[-1.062, -3.728, 2.641, 1.159, -5.131, -1.86, 6.424, -1.45, -2.742]",Walking Upstairs
5,1,"[-2.118, -1.68, -2.138, -2.284, -3.052, -3.244, -2.502, -3.431, -3.658]","[6.726, 6.328, 7.049, 6.628, 6.23, 6.477, 6.616, 6.34, 6.46]","[7.125, 7.47, 7.503, 6.785, 6.227, 6.974, 5.978, 7.252, 6.117]","[-0.094, -0.184, -0.044, -0.025, -0.033, 0.069, 0.053, -0.176, 0.025]","[-0.723, 0.377, -0.066, 0.05, 0.235, -0.018, 0.11, 0.085, 0.127]","[-0.747, -0.082, -0.135, -0.164, -0.358, -0.03, 0.027, -0.21, 0.066]",Sitting
5,2,"[-2.938, -3.311, -2.803, -2.399, -2.782, -3.967, -2.997, -2.15, -0.047]","[6.324, 6.357, 6.879, 6.858, 6.271, 6.58, 6.118, 7.207, 4.954]","[6.323, 6.766, 6.217, 6.725, 6.703, 6.701, 7.01, 8.909, 8.172]","[-0.088, -0.04, -0.081, -0.085, -0.102, -0.346, -0.407, 0.36, 0.607]","[0.102, 0.052, -0.072, -0.106, -0.042, 0.243, 0.017, -0.27, -0.158]","[-0.168, 0.03, 0.077, 0.092, 0.148, 0.244, 0.421, 0.179, -0.074]",Sitting
5,3,"[0.018, -0.313, -1.007, -1.007, -1.206, -0.95, -1.283, -1.412, -1.101]","[6.144, 7.291, 6.982, 7.083, 7.217, 7.349, 7.535, 7.449, 7.219]","[6.943, 7.0, 6.85, 6.876, 6.909, 6.435, 6.404, 6.344, 6.112]","[0.159, 0.206, -0.058, -0.023, -0.054, 0.026, 0.087, -0.01, -0.032]","[-0.103, 0.185, 0.115, 0.141, 0.048, -0.067, -0.041, -0.047, -0.155]","[0.041, 0.317, 0.101, -0.043, -0.002, -0.108, -0.127, -0.064, 0.045]",Sitting
5,4,"[-0.971, -1.096, -1.776, -1.529, -1.503, -1.769, -2.078, -2.138, -1.96]","[7.49, 7.471, 7.136, 7.509, 7.538, 7.526, 7.389, 7.229, 7.483]","[6.967, 6.565, 6.699, 6.308, 6.33, 5.954, 5.856, 6.562, 6.325]","[0.051, 0.073, 0.089, 0.068, 0.126, 0.177, 0.077, -0.185, -0.319]","[-0.203, -0.303, -0.115, -0.165, -0.26, -0.32, -0.23, -0.038, 0.025]","[-0.11, -0.166, -0.179, -0.135, -0.252, -0.287, -0.289, -0.067, 0.129]",Sitting
5,5,"[-2.346, -2.114, -1.716, -1.932, -1.819, -2.027, -2.14, -1.527, -1.965]","[6.704, 7.318, 7.325, 7.078, 7.258, 7.27, 6.807, 7.277, 7.044]","[6.979, 6.457, 6.294, 6.682, 6.706, 6.349, 6.339, 6.818, 6.761]","[-0.179, 0.049, 0.117, -0.08, -0.062, 0.031, -0.062, -0.076, -0.029]","[-0.091, -0.011, -0.051, -0.047, -0.066, 0.054, -0.042, 0.012, -0.024]","[0.042, -0.017, 0.084, -0.101, -0.021, -0.021, 0.052, 0.007, -0.003]",Sitting
5,6,"[-1.905, -1.795, -1.972, -1.759, -2.0, -1.948, -2.102, -1.927, -1.97]","[7.09, 7.035, 7.04, 7.097, 7.078, 6.946, 7.073, 6.989, 7.179]","[6.651, 6.854, 6.632, 6.634, 6.739, 6.555, 6.629, 6.574, 6.418]","[-0.039, 0.012, 0.062, -0.008, -0.006, 0.012, -0.002, 0.044, 0.042]","[-0.017, 0.025, 0.036, 0.057, 0.013, 0.031, 0.027, 0.029, -0.027]","[0.034, 0.036, 0.026, 0.024, 0.009, -0.002, 0.009, 0.012, 0.007]",Sitting
5,7,"[-1.786, -2.305, -1.975, -1.888, -1.79, -1.405, -1.699, -1.881, -2.339]","[7.284, 6.877, 7.056, 7.044, 6.973, 7.083, 6.786, 7.006, 6.738]","[6.557, 6.943, 6.699, 6.524, 6.562, 6.804, 7.635, 6.744, 7.288]","[0.006, -0.004, -0.064, -0.044, -0.036, 0.017, 0.05, -0.051, -0.055]","[-0.055, -0.033, 0.044, 0.019, -0.006, -0.013, 0.054, 0.011, -0.078]","[-0.027, 0.021, 0.013, 0.05, -0.003, -0.017, 0.026, 0.001, -0.154]",Sitting
5,1,"[-2.521, -1.16, -3.254, -2.976, 3.236, 22.03, 16.641, 16.379, 7.042]","[6.17, 6.407, 5.56, 4.958, -0.822, -16.529, -3.66, -9.195, -12.072]","[7.324, 7.453, 7.24, 10.27, -1.977, 1.454, 2.498, 2.392, 0.529]","[-0.075, 0.11, -0.095, 0.57, 0.691, -0.802, -0.799, 2.046, -1.353]","[-0.028, 0.079, 0.166, 0.505, -3.086, -2.601, 1.651, -2.37, 0.224]","[0.005, 0.066, 0.101, 1.823, 3.648, 6.705, 1.525, -3.875, -3.84]",Walking
5,2,"[1.176, 14.334, 14.227, 13.328, 6.895, 1.164, 12.845, 14.579, 12.2]","[-6.965, -11.248, -5.069, -11.288, -10.232, -7.099, -11.025, -5.191, -9.552]","[-1.647, 2.994, 3.032, 2.701, 1.147, -0.766, 3.365, 2.095, 3.015]","[-1.047, -1.891, -0.819, 2.075, 0.336, -1.091, -0.87, -1.265, 1.791]","[-0.369, 0.32, 1.528, -2.218, -0.852, 0.488, 0.984, 1.777, -1.376]","[2.487, 4.046, 0.709, -3.405, -3.422, 1.812, 3.73, 1.067, -2.945]",Walking
5,3,"[8.941, -0.301, 11.204, 14.322, 13.053, 8.61, 0.066, 13.408, 13.563]","[-11.351, -6.882, -12.076, -4.982, -9.037, -12.761, -5.399, -9.392, -5.516]","[1.173, 0.275, 1.705, 0.254, 2.61, 2.438, -0.878, 3.451, 1.49]","[-0.028, -0.764, -1.696, -0.325, 1.813, 0.921, -0.735, -1.058, -0.645]","[-1.222, 1.497, 0.453, 1.628, -0.708, -1.009, 0.89, 0.713, 0.823]","[-3.282, 0.891, 4.161, 1.253, -2.823, -4.231, 1.407, 3.301, 0.989]",Walking
5,4,"[11.954, 7.317, 3.586, 10.095, 14.763, 14.037, 10.031, 1.854, 7.42]","[-6.671, -9.609, -6.355, -10.179, -4.772, -8.395, -15.022, -1.184, -12.086]","[1.466, 3.506, -0.134, 0.821, 1.288, 1.806, 4.141, -0.948, 5.516]","[1.064, 1.253, -0.302, -1.204, -0.086, 1.387, 1.406, -0.257, -3.982]","[-0.568, -0.849, 0.745, 0.508, 0.596, -2.032, 6.384, 0.847, -4.568]","[-2.226, -2.716, 0.656, 3.532, 1.062, -3.471, -4.116, -0.099, 2.279]",Walking
5,5,"[16.921, 14.595, 9.384, 1.226, 11.42, 16.216, 12.481, 8.828, 2.084]","[-6.206, -6.297, -11.353, -6.894, -9.566, -3.96, -9.37, -9.854, -6.807]","[9.369, 4.299, 1.724, 0.532, 2.852, 2.792, 3.331, 1.319, -0.357]","[-0.438, 1.408, 1.186, -0.47, -0.428, -0.36, 1.607, 0.167, -0.847]","[0.517, -1.241, -1.746, 0.555, 0.375, 1.119, -1.384, -1.433, 0.732]","[1.448, -2.388, -3.355, 1.34, 3.66, 0.912, -2.848, -3.09, 0.942]",Walking
5,6,"[10.21, 14.655, 11.491, 8.835, 2.122, 8.213, 12.018, 13.18, 10.742]","[-10.158, -6.098, -9.612, -10.69, -5.215, -10.11, -6.151, -4.645, -10.824]","[2.572, -0.034, 2.05, 1.64, 0.833, 2.888, 2.359, 1.557, -1.429]","[-1.299, 0.02, 1.091, 0.517, -1.131, -2.226, -1.255, -0.419, 1.69]","[0.927, 1.044, -1.218, -1.663, 0.737, 1.586, 2.332, 2.809, -0.579]","[3.715, 1.374, -2.954, -3.205, 1.175, 4.189, 1.181, -2.235, -3.349]",Walking
5,7,"[1.404, 12.033, 9.238, 14.413, 10.886, 3.241, 12.576, 4.369, 5.272]","[-5.478, -10.297, -7.076, -6.977, -11.676, -5.78, -3.44, -2.065, -1.014]","[0.184, 2.91, 0.515, 1.339, 2.527, -0.029, 5.844, 8.085, 12.456]","[-0.556, -1.051, -1.431, -0.033, 1.763, -0.053, -2.398, -0.808, -0.089]","[-0.248, 0.236, 1.784, 0.685, -1.886, 0.224, 2.981, 1.925, 0.023]","[0.161, 3.234, 1.338, -1.165, -2.781, -1.738, -0.21, -0.28, 0.018]",Walking
5,1,"[0.075, -0.998, -4.789, 0.661, 12.909, 1.636, 20.897, 11.429, 25.241]","[5.869, 5.55, 3.914, -0.077, 6.446, -0.647, -18.016, 3.756, -12.052]","[8.948, 7.836, 6.977, 8.471, 13.117, -1.544, 1.43, 17.4, 12.775]","[-0.192, -0.125, -0.217, 0.475, 2.72, 2.11, -4.137, -2.797, 4.516]","[0.284, 0.315, 0.402, -2.005, 1.801, -0.827, 1.297, 0.298, 0.505]","[0.311, 0.116, 0.234, 4.109, 0.768, 0.541, 5.669, 0.578, -1.846]",Walking Upstairs
5,2,"[-22.09, 33.959, 7.137, 30.036, 18.71, 8.225, 59.516, -26.481, 57.541]","[-26.837, -8.39, 11.779, -33.861, -38.96, 21.261, -29.512, -33.236, -59.479]","[1.602, 7.295, 3.293, 8.356, -7.17, 17.586, -1.589, 2.756, 22.503]","[1.23, -2.71, 0.564, 4.058, -1.547, -0.449, 2.815, -1.447, -5.192]","[-0.861, 1.292, 0.101, -1.07, -0.128, 0.347, 0.116, 0.738, 0.46]","[-3.391, 5.425, -1.019, -7.14, 8.52, 1.373, -6.185, -2.151, 12.649]",Walking Upstairs
5,3,"[9.887, 36.151, -1.819, 9.451, 39.995, 17.963, -15.257, 26.314, -2.415]","[0.501, -33.888, -17.199, -15.35, -14.728, -6.4, -20.033, -23.395, 0.959]","[18.195, -0.158, 0.184, -1.915, 11.292, 2.036, -3.994, -11.517, 1.674]","[-4.975, 3.959, 2.924, -2.249, -5.829, 2.026, -0.718, -1.481, 0.018]","[4.063, 3.472, -4.662, -0.686, 2.605, 1.514, -1.151, 0.464, 1.764]","[1.714, -5.005, -5.327, 5.93, 9.383, -2.611, -4.044, 6.3, 1.608]",Walking Upstairs
5,4,"[19.383, 22.331, 2.848, 14.916, 25.248, -2.315, 9.81, 9.108, 13.13]","[-6.647, -36.07, -29.543, -3.725, -6.75, -13.698, -12.632, -1.79, -6.613]","[4.768, 1.293, -0.569, 5.872, -0.478, -12.801, -0.861, 4.512, 5.64]","[0.881, 3.67, -1.908, -0.631, 1.566, 2.205, -5.755, -4.169, -1.07]","[1.675, -1.668, -0.617, 0.495, 2.213, 0.191, -0.547, 0.015, -1.38]","[-3.18, -8.319, 6.018, 1.639, -1.158, -4.216, 0.919, -0.293, 0.861]",Walking Upstairs
5,5,"[8.134, 4.156, 5.413, 7.384, 23.309, -22.821, 31.143, 12.133, -0.554]","[-6.223, 7.837, -12.381, -13.801, 3.469, -22.066, -4.168, -9.657, -5.291]","[-0.268, 1.739, 2.445, 0.122, -0.146, -4.667, -8.54, 3.149, -11.119]","[0.573, -1.49, 1.998, -1.847, 0.204, 1.352, -0.045, -1.109, 0.677]","[0.01, -0.141, -0.077, 0.296, 0.802, -1.575, 1.688, 1.516, 8.314]","[0.435, 0.256, -4.294, 5.591, -1.762, -6.245, 7.468, -5.506, -2.543]",Walking Upstairs
5,6,"[-11.418, 2.853, 6.572, 19.168, 13.41, 24.087, -4.973, 19.821, 9.415]","[4.405, -0.166, -9.492, -5.31, -3.294, -30.288, -7.698, -20.152, 6.848]","[16.228, 5.516, -16.81, 7.245, 4.261, 8.675, 2.572, 2.589, 6.663]","[-0.402, 0.438, 1.161, -2.647, 0.035, 3.024, 0.115, -1.477, -0.226]","[1.828, 0.528, -5.421, -0.838, -0.013, -3.833, 0.996, -0.306, 0.537]","[2.526, 1.738, 2.491, 4.559, -1.32, -7.074, -2.095, 5.152, -0.285]",Walking Upstairs
5,7,"[-4.655, 13.647, 11.003, 12.447, 14.904, 5.018, 2.023, 17.893, 1.157]","[-20.301, 8.637, -25.357, -5.864, 2.104, -5.806, -12.951, 4.614, 6.597]","[-5.165, 15.817, -5.151, -2.638, -0.77, 2.687, -2.061, 0.462, -0.749]","[1.187, -2.572, 3.464, 0.069, 1.012, 0.362, -1.064, -1.541, 0.161]","[0.226, 0.427, -1.223, -0.943, -0.383, 0.93, 0.632, 1.222, -0.431]","[-5.756, 3.87, -8.557, 7.819, -2.53, -4.08, 4.132, 1.222, 0.874]",Walking Upstairs